month,order_id,customer_id
2019-03,BA983A54996A6,A45A980554CC6
2019-03,BA8A909B8B9AB,A4098CABC9776
2019-03,BA753443AB4A6,C0C6998A40000
2019-03,BBAA59905699B,C05597A5CB896
2019-03,BA7B78A0356A6,C0C49705BA696
2019-03,BBB3806906464,C0880CB46499B
2019-03,BBAB08B483B96,AA65B5BB640CB
2019-03,BBA979B4660A6,C08C98804A8B4
2019-03,BA53549365344,C0A7664C64640
2019-03,BA657787A06B4,C0B8C8978979B
2019-03,BA76774504544,AA65A40A9747B
2019-03,BA56846809A84,AC0C079845984
2019-03,BA9839306A47B,C0605CA7B4C84
2019-03,BA7B00BB0579B,AA65A878749AB
2019-03,BA5B06A468768,C0A60A7805408
2019-03,BB0B376A4B944,C065B077A7984
2019-03,BA5B703098976,AA65A4A80CA04
2019-03,BA8688674BAAB,B878596B5A744
2019-03,BA69B06A77888,C0C0BBB66787B
2019-03,BA87466A78656,AA65B0540579B
2019-03,BA5B745500768,C0A6769568864
2019-03,BA58080950368,C0BA574996064
2019-03,BA5669B406368,C0AB85CB68576
2019-03,BA6307B598AAB,C0B589C4B5B48
2019-03,BBB6435850336,B9B9A8C785056
2019-03,BA876A9500AB8,AA945504B7744
2019-03,BA5B379A545B8,C0A6C767ACCAB
2019-03,BBA6A63934304,AC5B80B8B8C84
2019-03,BBB7577B90848,C085C05C48A9B
2019-03,BB0A4A9B84576,C064A776BCAC6
2019-03,BA650484A0B08,ABB0C95958C68
2019-03,BBB79B079779B,C09B6897A5B96
2019-03,BA97434564704,AA65BC6568A60
2019-03,BA579A70AB064,AA65B8A8B0768
2019-03,BB0668805AB96,AA65C0B497C76
2019-03,BA5BA378A8B08,AA65B8A788000
2019-03,BA5BA487B995B,C0A6AB94ACBA6
2019-03,BA983B546A088,A56995CC8B496
2019-03,BA766A8A35648,AA65B65CC8464
2019-03,BA58A30004064,B4C8C8776AB48
2019-03,BA676695BB5B8,BCA4405A8C584
2019-03,BA7B59ABA059B,C0C47675BC9C6
2019-03,BA505983AB03B,C0A50BAA99456
2019-03,BBA87BB459744,C08B9584C8496
2019-03,BA94AA56578B4,C056C6B4BBC68
2019-03,BA5339096483B,C0A749056CA68
2019-03,BA534B99B5984,C0A75C8A4BC04
2019-03,BBBBA93999968,C0AB8B7545696
2019-03,BA79406430304,AC5C508AB68A6
2019-03,BBAA4980660A6,C075574988896
2019-03,BA66333A45A84,A569B7089059B
2019-03,BA6940593A6A6,AA65AC70A8976
2019-03,BA748047545B8,C0C65B0A8595B
2019-03,BA63B89A9459B,AA65A44457CAB
2019-03,BB086B4640096,AA65BB4AA6CB0
2019-03,BBB604355A840,C09074C00AA84
2019-03,BA53B6A3346B4,C0A7C4B7AC95B
2019-03,BBB8066058336,C09B9055B5C44
2019-03,BA7B35B397408,B986C770A9488
2019-03,BA747660555B0,AC5B80B8B8C84
2019-03,BB06370857056,AA999CA6BA47B
2019-03,BBAA867B6307B,C0759A69BB976
2019-03,BB03A75BB339B,C066A40B6B496
2019-03,BA5734A900896,AA65B4846B944
2019-03,BA70057BB8384,AA65B8C4B6400
2019-03,BA56307A85760,C0A99AA0C70B4
2019-03,BA99065B64BB4,AA65C080679C6
2019-03,BB085AB606304,AA65A0C5C0080
2019-03,BBA6594BA09AB,C080495AC6864
2019-03,BA99947B80480,C06B07ABC0560
2019-03,BA8A559943B64,C04BBB9A57984
2019-03,BBA634B585440,C080A79CA8880
2019-03,BBA6B866A7696,C08007CC47A68
2019-03,BA49859BB979B,B5985A875ACB8
2019-03,BA5695350A79B,AA65B6BA59968
2019-03,BBB4A3855A39B,C0884A7095776
2019-03,BA50386368608,AA65BAB48C680
2019-03,BA67099850848,AA65B5C08CBCB
2019-03,BA690B8935776,AA65B5B85C856
2019-03,BA649768ABAB8,C0B759C4B9088
2019-03,BA93080680544,C0554B9648480
2019-03,BA63B640B8768,C0B6A08ABAA84
2019-03,BA676BBA40000,C0C0A0B9CC600
2019-03,BA9898485A55B,C06AAA5486C04
2019-03,BA5A89494A79B,B8958B5B07C9B
2019-03,BA67678599B64,C0C0A5CCC0784
2019-03,BBB00639A6AB8,C084B57984608
2019-03,BA64065435744,C0B47BABA5584
2019-03,BA5387ABAB640,C0A788B40B9AB
2019-03,BB03B70709344,C066B7959B0CB
2019-03,BA5473838499B,C0A87448BC904
2019-03,BA63B67A74496,AA65B64AB6048
2019-03,BBA8306044000,C0C65B0A8595B
2019-03,BA5089840A376,C0A0CB6790B40
2019-02,BAA3B68973664,B9777677A9008
2019-02,BA34690A36A60,B999648BBCCB8
2019-02,BA383006AB704,B957469ABB656
2019-02,BA0385A876448,AA65BC96A5584
2019-02,BA365A6B6403B,C00A798ACA808
2019-02,BA380699B5984,C00CC47075A68
2019-02,BA04B6983BB88,B9686AACB4000
2019-02,BA0444A83A5B0,B9688C7C57664
2019-02,BA0700AA4339B,B947C04A6AC76
2019-02,BA035808A955B,AA65CB96B9B80
2019-02,BA4795B754784,C0A0C40487B64
2019-02,BA07856B57AB0,B97BBBB4BCAC6
2019-02,BA4B85B546656,C0009ABB489B8
2019-02,BA38B45464A60,B44489A586656
2019-02,BA4AB089693AB,C006A46AA77B8
2019-02,BA075B4907A04,B97A8976B67B0
2019-02,BA4B54A3A6A9B,C0075C59069AB
2019-02,BAB88590050B4,B97704967C8B4
2019-02,BA4466396A696,B445BAAC040CB
2019-02,B0958BB798944,ABAA85966499B
2019-02,BA043735A0B40,B96877BB804A6
2019-02,B090988077A5B,B957CA6C58B40
2019-02,BA3450B44A056,B9994AB7A97AB
2019-02,BAABB34B585B8,B976547668064
2019-02,BA0806A6A4A76,B97B44BB964A6
2019-02,BA0968500643B,B97C96C68A888
2019-02,BAAAA40A67776,B975C889B6048
2019-02,B090A4544803B,BCA50AC88A95B
2019-02,BAB33A6A0ABA6,B987A66859C60
2019-02,BAB7367B7459B,B98C507C94656
2019-02,B096675B9AB3B,B96A50A78BAAB
2019-02,BAA6A553757AB,AA65A4A80CA04
2019-02,BABB698096736,B984979660896
2019-02,BA07555643488,A4B74A78909AB
2019-02,BABB74787A3B8,B987C7844BCC6
2019-02,BAB78AA3465B8,B878596B5A744
2019-02,BA478B597539B,AA65BBC8BA408
2019-02,BA4A457BA9680,C0064A7666A44
2019-02,B09646836A3AB,B9597647504CB
2019-02,BAA4407596AB8,B97884C557984
2019-02,B093493A57984,B9597647504CB
2019-02,BABB03B775B64,B986CBA64A568
2019-02,BAB8378B98464,B99CB9AB96864
2019-02,BA4A365B07A36,C006CB60468A6
2019-02,BA079379A4976,B97BCA060A8B4
2019-02,BA35AAB548448,AA65BBB084704
2019-02,BAAA495766AAB,B975877988448
2019-02,BA368A8B86688,C00B069C85CAB
2019-02,BAB479800AB48,B9895C6084064
2019-02,BAB9B6B0A8656,B994ACC696608
2019-02,BA057AA460448,B8B86AB5C4C68
2019-02,BA43094A77888,AA65ABC9AA776
2019-02,BAA63A5A5B480,B98060CB65AB0
2019-02,BAA5A83607904,B9796B8C84C5B
2019-02,BA34035A69376,B9985A04B0064
2019-02,B099408A75B00,AA65BAA9B66B4
2019-02,BA40557508704,C0056A7B09440
2019-02,BA05083A0AB80,B9695B4895840
2019-02,BA44735068B56,C00970C444576
2019-02,BA07A58560864,B97A5AC7A68CB
2019-02,B099953598560,B9644C0454880
2019-02,BAB4430377056,B98785705A744
2019-02,B098030379A04,B576C778C97AB
2019-02,BA34BB6534496,B999080CBAAB0
2019-02,BA0B866870368,B967CAB8B6464
2019-02,BA08695BA6BB4,B97CBA6A45504
2019-02,BAB6A864A4A76,B99086B696544
2019-02,BAA65A9B3A584,B9808A0A95040
2019-02,BA0767B8546B4,B97B059A074B4
2019-02,BA35BB45A6704,C000B60A00A9B
2019-02,BA005B068A568,AA65B6BA59968
2019-02,BA3A77A8A8080,AC5C508AB68A6
2019-02,BA33094596704,B99CA69C99904
2019-02,BA353A3547360,C000C804B4B88
2019-02,BA34643966048,B999575B4899B
2019-02,BA4855539A07B,C0AB8B7545696
2019-02,BAAB0477A0304,A5B46405469AB
2019-02,BABB4A8A597AB,B9870AA5C9040
2019-02,BA4B959960A60,C0079A6A46784
2019-02,B099496AB45AB,B96C994509408
2019-02,BABBB85580384,A4C058BB9667B
2019-02,BA47369484384,C0097696C59C6
2019-02,BA000784AA87B,B9645C47554B4
2019-02,BAA6A4A908064,AA65A4A80CA04
2019-02,BA067B4778080,B97A0850786B4
2019-02,BAA997874595B,B98C890649A84
2019-02,BA0744A578080,AA999A40B5056
2019-02,BAA39B3BA955B,B97840594AC44
2019-02,BA37A5B7A6896,C00BC8448B400
2019-02,BAB83348A53B8,B99CB46568544
2019-02,BABBAAA0B5B48,B98670AC57A5B
2019-02,BA38B30B9B576,C00C6056A4688
2019-02,BA4A9B953763B,C006944804960
2019-02,BA06A06839A36,B970457800800
2019-02,BA03605B97B48,ACCB859B07776
2019-02,B09B903B35680,B9594B4094C04
2019-02,BA4789B98595B,C0ABC8855B800
2019-02,BAA455AB83808,A570B48949856
2019-02,B09803663779B,B95966B74C648
2019-02,BA407757A08A6,C0058599BB0A6
2019-02,BA48068A63680,AB97A7ACA68CB
2019-02,BA04936988768,B96CA760C0C04
2019-02,BA46503884896,AA65B70450B7B
2019-02,BA3307464099B,B99790BA47680
2019-02,BA30A798A7568,B995A08BA69B8
2019-02,BA3A796590688,AC5C508AB68A6
2019-02,BAA500AA88448,A94CC45B9955B
2019-02,BAA6378755A68,AA65B7A66B688
2019-02,B098A8B0B9408,AC5B0C0B900A6
2019-02,BAB99885835B0,B948904B88C5B
2019-02,BA34A0670A9B0,B58665008C4B4
2019-02,BA36860098656,C00A7A005A4B4
2019-02,BAA838753A87B,B98BC8B895B00
2019-02,BA3B4534B5B48,B997B588AC5C6
2019-02,BAAA3A5083360,B9B70B0AA40A6
2019-02,B0904856AB640,B9568A8A86CC6
2019-01,B0787B7503968,B8C70B98A4C68
2019-01,B0B879A660640,B88CC0049AC60
2019-01,B08B4B3537760,B9487866A8464
2019-01,B0760A300B848,B9CC557C9555B
2019-01,B0B370439587B,B7AB87540ACAB
2019-01,B08B5B5AA8560,B948904B88C5B
2019-01,B04B88B654304,B897A498BA0B4
2019-01,B0846B3876A9B,B94B6540BA7B8
2019-01,B05AA3937AA04,B906AC05A40A6
2019-01,B06AB80A49600,B7AAC94975840
2019-01,B03B07A508064,A4C058BB9667B
2019-01,B033B38BAB704,B888AA45C6544
2019-01,B06B47477B576,B9B9A8C785056
2019-01,B050708635744,B9057A698A856
2019-01,B065479A7BA9B,B9CBC88B66080
2019-01,B060BB5839B00,B799744090B08
2019-01,B087A98064736,AA65B05AA0880
2019-01,B066BB6B8B59B,B9CC08B4889B8
2019-01,B05B4594B9984,B90876BA44864
2019-01,B0695B80A9040,B9C6AB5456480
2019-01,B03AA03AA5360,B885647859808
2019-01,B03330B5035B0,B888A85A5A584
2019-01,B0469A7B79840,B90A7599A8A76
2019-01,B0665A0479456,B9CCB805C87B0
2019-01,B05B607377504,B9089ACA7B576
2019-01,B087356006496,B9540C5BCB864
2019-01,B076A5B463456,AA65B4C449440
2019-01,B076085747808,B94BB797AB864
2019-01,B07878655A904,ACBACCA097696
2019-01,B03586047A904,B8906B48B7488
2019-01,B08B667A3507B,B949058855008
2019-01,B0765AA076448,A4CB0CA985760
2019-01,B04096094BA76,B8958545C475B
2019-01,B056B96988768,AA65ABC9AA776
2019-01,B08B340438AAB,AA65B079B89B8
2019-01,B0BA644337B48,B8760444A0976
2019-01,B0789AA4635B0,AA65B8A788000
2019-01,B0B847B8B8000,B88B990440544
2019-01,B06A36B6B6656,B8BCA6C904096
2019-01,B0446083A5488,B899C448A8B7B
2019-01,B054875BA80A6,B9AA07576BB7B
2019-01,B04985B964960,B90488CBCB864
2019-01,B0B753B943456,B84979688B5B8
2019-01,B04308BA78656,B4C8C8776AB48
2019-01,B065A99038560,B9CBA08C6A8B4
2019-01,B0847A6806B40,AA65A0C5C0080
2019-01,B06B50305A360,B9B8558440544
2019-01,B067690586B08,B9C4590AAA840
2019-01,B053B64474B08,B909544BA87B0
2019-01,B059688607840,B9A66A0080864
2019-01,B056B98430560,B9AB48B7874B4
2019-01,B077AB7344BB4,B94CC58A405AB
2019-01,B04B89B09A488,B8978CB67CC76
2019-01,B07A59984A376,A486AB448B656
2019-01,B0B609777059B,B8805C5A0A5C6
2019-01,B066A795BB656,AA65AB0B745B8
2019-01,B0B7B95670368,B88A89CB04064
2019-01,B06B49B7B9440,B9B9B0A5AB544
2019-01,B0398BAB05600,B8946B868C87B
2019-01,B044337684576,B899AB79B6880
2019-01,B0858AB699B3B,B95B46BCC6096
2019-01,B0537969BA440,AC9ACAC94467B
2019-01,B073705807968,B940A64A45B48
2019-01,B0B645530BB40,B8809A4849888
2019-01,B066300A7443B,B9CB998AAACB8
2019-01,B068704A33BA6,B9C564A997408
2019-01,B05BAA097507B,B908479BB595B
2019-01,B04895997A4B4,B44B9C966B4CB
2019-01,B0B860393B768,B88CA70BC8560
2019-01,B07630A6889B8,B94B45C448800
2019-01,B05A888447584,BB99B67B85088
2019-01,B06A79739B480,B9B84CCA68480
2019-01,B06A6B503B800,B9B8B5CB066B4
2019-01,B0843B9A93568,A45A980554CC6
2019-01,B0B698B080608,B7808A0477664
2019-01,B0BA80680099B,B876B0C07C6CB
2019-01,B0476604B53AB,B90B6ACACAC60
2019-01,B0B43060A635B,B878596B5A744
2019-01,B08B69B956B56,B949085659BCB
2019-01,B06B74A864544,B85C9B4405C44
2019-01,B038B38B49056,B89C00B506CC6
2019-01,B045A98434400,B899955908704
2019-01,B0BB4397A49AB,B876849A60B88
2019-01,B07A574577B48,BB99B98A85CAB
2019-01,B060086B80B88,B9B6555A0CCB8
2019-01,B03858AA98944,B89CA84A7BAB8
2019-01,B0B95A9667B96,A56A6A546659B
2019-01,B04B6097B963B,B8975A6B65568
2019-01,B083A009A7856,BCA87CA804768
2019-01,B07B40544B656,B9C88B08866B4
2019-01,B037670543456,B89B4A68AAA04
2019-01,B079085B97760,B9456B847AC9B
2019-01,B05A8884A48A6,B907069677664
2019-01,B0B3750860896,B878BAA5BB656
2019-01,B0658649A7088,B69BBA8CBC040
2019-01,B0BBA555A8048,A568067846B40
2019-01,B07B43480B784,AA946CB740960
2019-01,B044B0A500768,B89899B4967C6
2019-01,B0846BA877344,AA65B004578B4
2019-01,B035445563488,B890CACB0C808
2019-01,B0B674657699B,B8765666C459B
2019-01,B0B69A0679A36,B878596B5A744
2019-01,B0507A59A0B40,B9057BBAB64CB
2019-01,B075A7935BA60,B4458707B7B64
2019-01,B04507BB4483B,B899807C058B4
2019-01,B0337A993507B,ABCA76B784C5B
2019-01,B0430776B3904,B89806BA47680
2019-01,B0484BB3796A6,B90CCB970A984
2019-01,B06BA74453856,B9B8859B50784
2019-01,B059834753AB0,B9BABC574B8A6
2019-01,B0B96BB7BB656,B884A4BB0B976
2019-01,B0594A59AB544,B9B59C9589BA6
2019-01,B066675499A04,B9CC557C9555B
2018-12,A949364060B56,B7989CB68899B
2018-12,B0064B6B55456,AA65B07994464
2018-12,A933AA870A664,B78B8BC74C584
2018-12,B0B0B8B466400,B8745CB06947B
2018-12,A968A364BA47B,B8B400784C9C6
2018-12,A95968B474080,B8AA8B5AB75B0
2018-12,A94B450700384,B79A6AC8B5AB0
2018-12,A9703065A5040,B8B577AC5BA60
2018-12,A93587734AB80,AC68509A86A44
2018-12,A9686544A80A6,B8B44BB948960
2018-12,A9346378B6A44,B7840C0097504
2018-12,B0094773A6704,B8CB099A80640
2018-12,A93338A435488,B78C0A88AA488
2018-12,A98793533859B,AA65A44457CAB
2018-12,A97A80545443B,B8B6880B54048
2018-12,A978608943B00,B8CB099A80640
2018-12,B00888834467B,AA65B6BA59968
2018-12,A9340584BB368,AA65BA66AB448
2018-12,A937363370080,B78688A4C779B
2018-12,B004940685408,B85796A0B97B8
2018-12,B00483A404AB8,B857877864544
2018-12,A9665B3A545B8,B8BBC0B007C9B
2018-12,A9604B59A4464,B8AB60779AB00
2018-12,A999678668896,B85BC80B78880
2018-12,B0A0B39500384,B86C75A495776
2018-12,B00B75384739B,B85556077C7B8
2018-12,B006778609760,B8598A0455648
2018-12,B0A4BB933B064,B867640565856
2018-12,A94764A6A0336,B797BAB40A760
2018-12,A95996BA48960,AA65B796B5CAB
2018-12,A935579578464,B7850C446947B
2018-12,A93A58A7A86B4,A54A4C6670048
2018-12,A97B3B843A7AB,B788C98B0B976
2018-12,A98A406675040,B7AAC94975840
2018-12,B0AAA66670944,B8644C546BB40
2018-12,A99B346075B3B,AA65BC5C55744
2018-12,B00AA4A8B563B,B85C89A5C9040
2018-12,B0AA9A6337B48,B86480BAC6A60
2018-12,A97A8A6B0B336,AA65BBB084704
2018-12,B0A7807663B00,B87B06BC78080
2018-12,B009307807840,B86B69C6464CB
2018-12,A937A7B070496,B7867ACA4AC44
2018-12,B0A5560630368,A48A45704A504
2018-12,A96065089955B,B77AC68BA46B4
2018-12,A9764664075B0,A94CC45B9955B
2018-12,A939486A794B4,B7887640B49B8
2018-12,A970958860384,B8B6BC66B499B
2018-12,A94B437A3443B,B79A6CA97859B
2018-12,A94095543A008,AA65B994A7A84
2018-12,A93A3B3834464,B5840CC067A04
2018-12,A9339B807AB64,AA65B746AA808
2018-12,A9356930BAB80,B70840745A744
2018-12,A950A87880544,AA65B68877408
2018-12,A996A49555B96,B8B7444879456
2018-12,A9780BB5B707B,B8CA98BA00576
2018-12,B0AA9ABA4B944,B865CAB858B08
2018-12,B0A097730467B,B84CC4BC40A9B
2018-12,A989769068640,B84C667A69C76
2018-12,A935548350560,AA65B5A9C6C5B
2018-12,B000A57737056,B85B749BAC79B
2018-12,A94B073BA30B4,B79AB48494688
2018-12,A95A38899A584,B80A4789B64CB
2018-12,A96B905600096,AA65A5A86B880
2018-12,A96359A9586B4,AA65B4CC8C904
2018-12,A939A07643488,B788C98B0B976
2018-12,A937B876A0464,ABC7A9470B944
2018-12,A933095469A5B,B78B4CA969C76
2018-12,A94A96B5BB7B0,AA65B9807C696
2018-12,A9435B306595B,B79B8C60C875B
2018-12,A94459B84B848,B7940C0A0467B
2018-12,A93AA3653B576,B7808A0477664
2018-12,A937396A053AB,B7868675AAC9B
2018-12,A9354A49A9B64,B784866959456
2018-12,A974306A77AB0,B8B895A45C79B
2018-12,A988665BA30B4,AA65BC50B8064
2018-12,A9340086A5008,A5C69A65BA056
2018-12,B0A8B087A075B,B87B4577B4000
2018-12,A97A799B94048,B8B6880A885AB
2018-12,A937B039B099B,BB97795A499B0
2018-12,B00A858A66880,B854604505A84
2018-12,A98863804835B,AA65BC6568A60
2018-12,A98B84073379B,B8C70B98A4C68
2018-12,B0A6AB97ABBB4,B8697540C6CB0
2018-12,A93454958A9B0,AA65A7C6B08CB
2018-12,A977464A93AB0,B8CA4B006C840
2018-12,A9305958B7808,AA65B9BB4099B
2018-12,A94AA9899555B,AA65B45907040
2018-12,A963044044896,B8A5B6560C680
2018-12,A935B760A57AB,AB64705044576
2018-12,B0A5AB7568480,B868654C0947B
2018-12,A967434793056,AA65CB6B54A76
2018-12,A94A3390A3BA6,AA65B888CCAB0
2018-12,A956B5566BA76,B807B70965C44
2018-12,A98A077A9B800,B8C5096CC85B8
2018-12,A940A69785440,B789560C856CB
2018-12,B0A3054599B64,B866CB0B448CB
2018-12,A93B0A43545B8,B779B549A5A68
2018-12,A9309B5B445AB,B78070A85A744
2018-12,A9330BB953568,B78B796546A44
2018-12,B0A67B76B99B0,B87046C8BC968
2018-12,A937544A83904,B786954C4659B
2018-12,B009909854304,B86C440494688
2018-12,B0A5908986976,B86950A4B7808
2018-12,A937A49788B56,AA65B086A7056
2018-12,A9673408A443B,B8BCA6C904096
2018-12,B0A39308A5584,B867C69574496
2018-12,A979836B3587B,B8CC8C9B59744
2018-12,A95508BB7B864,ABA75BCCA8880
2018-12,A9494858B6A44,B7990C754659B
2018-12,B0A6444448864,B870A7484B976
2018-12,A93500096AAB0,AA65B65CC8464
2018-12,A9389B4B08BB4,A45A980554CC6
2018-12,B0ABB79930976,B865754A776CB
2018-12,B0A487784355B,AA65C080679C6
2018-12,A935489B37088,B784676B8B464
2018-12,B0AB4AA9B0480,B686C57B4A95B
2018-12,A96AB4A903B00,B8AC45576A504
2018-12,A956A30B59040,B8070CC75779B
2018-12,A9373A05A5B96,B7868C40BB496
2018-12,A9738950370B4,B8B86AB5C4C68
2018-12,A937A636A635B,AA65B976A4944
2018-12,A9348A346B6B4,B780CB59700A6
2018-12,A936688906336,AA65AB96AC408
2018-12,A9558B859683B,B8066B06A8848
2018-12,B0B08B5759840,B875A8746BB40
2018-12,A950B3755683B,B799744090B08
2018-12,A986058780768,B840CB9650B7B
2018-12,A9939B9064544,BCA4405A8C584
2018-12,A960B9756BB08,B8AB4648B44A6
2018-11,A870B396B9408,B7065A595A7AB
2018-11,A877B475B4960,B7A56A0BA859B
2018-11,A87635A58B304,A4C8A709C9488
2018-11,A877599780960,AA65CAA0A7056
2018-11,A9A9A7B05A040,B76975760A888
2018-11,A87008B375776,B44B007085A5B
2018-11,A8668B3A7BA9B,B45A647A0C07B
2018-11,A90950BA48704,BB99B98A85CAB
2018-11,A876303675488,AA65B95C867B0
2018-11,A9B5898403936,AC5B98C05BC84
2018-11,A868950A75840,AA65BB4AA6CB0
2018-11,A870A665B4000,B698C85AB9568
2018-11,A9A889B048480,AB977946B97B8
2018-11,A87A8980A7888,B708C8959CA84
2018-11,A9B0484A80064,B77A04AC8659B
2018-11,A9BA903460448,B59CB7056B9AB
2018-11,A85B483A74496,B686C57B4A95B
2018-11,A8756B36084A6,B7ACA5B5858B4
2018-11,A86908947B608,AA65B9748C87B
2018-11,A856857735B64,B690557C45888
2018-11,A87BAA5007584,A48C6A078C840
2018-11,A85B5BB037344,B6864BA7949AB
2018-11,A86985788BB08,B70609A67A648
2018-11,A875974979680,B7AC4C8060640
2018-11,A87533B005984,B4554BAA90B40
2018-11,A9B57A398563B,B7758A9AB48CB
2018-11,A8754AB45A4B4,A4B5445B90080
2018-11,A9B8A0844A696,AA65B987B9056
2018-11,A8767BB6A4368,AA65C0BC66C04
2018-11,A86936A97AB96,AB07904C05B48
2018-11,A876AA8044768,AA65BA8BA8080
2018-11,A8738555AB67B,B7AAC94975840
2018-11,A85B5053B5664,A40959A7C8464
2018-11,A9A89AA578B08,A4859676BBB40
2018-11,A8759BAB40A60,B7AC47B8B7488
2018-11,A900838355040,B748C998AB704
2018-11,A87BA6B65BB56,B7087B6A5CCAB
2018-11,A9B6653B47584,B7767C7644640
2018-11,A86579999A39B,AA65B6BA59968
2018-11,A87A8987060A6,B70840745A744
2018-11,A8839B0A38336,B7BC57674A984
2018-11,A876B7A07A3B8,B7AC9956409B8
2018-11,A87533990307B,B7AB87540ACAB
2018-11,A87B335503456,AB97A7ACA68CB
2018-11,A87A5786B8A9B,B7080C59B8A60
2018-11,A9BA343A604A6,B77A88788BCC6
2018-11,A9B90A74B60A6,B7789B89C9A04
2018-11,A9BA75544739B,A4C058BB9667B
2018-11,A89A6A5899744,AA65A878749AB
2018-11,A8586A757347B,B69B87A55CAB0
2018-11,A85B0B6486880,B68597A464B88
2018-11,A86463358A664,A4859676BBB40
2018-11,A87B800B84768,B7097CCAAC95B
2018-11,A8480705373AB,AA65BC96A5584
2018-11,A853930700896,A5B46405469AB
2018-11,A880A703650B4,B7A9A7B85C856
2018-11,A867637BB76A6,AA65B6845A4B4
2018-11,A876B79B30560,B7AC98466C648
2018-11,A9A8933B05088,B7695C576B5B8
2018-11,A9B7733084B56,AA65B976A4944
2018-11,A8983640A059B,B74AB954A5C9B
2018-11,A9BB036990048,B77B55874A600
2018-11,A876843888736,AA65B5BB640CB
2018-11,A86680007075B,BC000A9966048
2018-11,A874BA6550496,B7A098B85B704
2018-11,A89B77B97059B,B7C4449066080
2018-11,A87038898595B,A4844544B8768
2018-11,A858598A4B048,B55B74644B848
2018-11,A875695009888,B7ACBB87C8656
2018-11,A866A4B35A456,AA65A440CACB8
2018-11,A9B556856AB48,AA94587BB6B08
2018-11,A9B7888994400,B77786C487584
2018-11,A87B978673760,B7A0C746AC088
2018-11,A895B4A449568,BB96BAAB4CA04
2018-11,A9BBB899B6B40,AA65B56589408
2018-11,A8568B349B704,B6905A5BC9008
2018-11,A9B05A403A7AB,AC9B788078688
2018-11,A87A8B573A680,A488584C764A6
2018-11,A9B909895B800,B77898B449B48
2018-11,A9BAAB394B496,AA65A0C8905B8
2018-11,A8984083AB9B8,BCA87CA804768
2018-11,A889A90084704,B7C0AA009AC60
2018-11,A87309A330A44,A4A54AA5CA87B
2018-11,A848B7A536BB4,B68BC059C7504
2018-11,A8768353035B0,AA946558096CB
2018-11,A876759A83456,A4906ACA4A600
2018-11,A876738474080,B7A465B049504
2018-11,A9BA73B444B56,BCA87CA804768
2018-11,A8760A9445856,AA65B976A4944
2018-11,A9BA3B3368544,B77A877A99968
2018-11,A877560655968,B7A6A96667488
2018-11,A90A953646688,B750C90C70400
2018-11,A86B9449A555B,B698007B4899B
2018-11,A9BA864794B08,B77BA585460A6
2018-11,A86763B5090B4,B70C47A64067B
2018-11,A87588A3B8736,B7ACC7A54A600
2018-11,A856550B07584,A4690A9947A04
2018-11,A87596A348A9B,B7AC4C8060640
2018-11,A876849590368,B4C99C98A7568
2018-11,A86B80A883B3B,B6978B0C0755B
2018-11,A87B3A879A776,B7089C8B9CC44
2018-11,A9A8955946080,A4C058BB9667B
2018-11,A9A89B6AB7B00,A554C4AA99968
2018-11,A876B79099488,AA65ABB86CB00
2018-11,A876B69B363B0,B7AC98466C648
2018-11,A8738B7430496,B7066B4970848
2018-11,A90A96B657888,AA65C080679C6
2018-11,A9A89A5379B96,AA65C07A8CB00
2018-11,A873B9B49B896,B445AB997C856
2018-11,A9A8955094AAB,B70585B6B9088
2018-11,A86A5649B4000,AA65BB0675680
2018-11,A9BB66B7B7776,ABA7458798688
2018-11,A9A868BA3667B,AA65B976A4944
2018-11,A87B664A99B64,B70958C46B496
2018-11,A9BBA749A0560,A48566B78A5C6
2018-11,A8743AB659040,B70585B6B9088
2018-11,A9A898963A584,ACA558C787A04
2018-11,A867BBA30339B,B70B95B497B48
2018-11,A9BA9A7B88544,B77B4C7B706B4
2018-11,A9B0339509344,B7709A054C968
2018-11,A9A87A9688800,B769CA674ABA6
2018-11,A8903B343A5B0,B7CA8656C6960
2018-11,A865A56B3AB64,B700B9BC9A008
2018-11,A8737B8A43456,AA65A0C956064
2018-11,A85360AAB035B,B687ACB500064
2018-11,A9B63344A4944,B77AC68BA46B4
2018-11,A87A3A0AB7B00,B686C57B4A95B
2018-11,A869098B5443B,B705BC0987C60
2018-11,A8583303947B0,B69B5B50CA5B0
2018-11,A9A875950A9B0,B769C65467BCB
2018-11,A874344A49088,A487BCA877BA6
2018-11,A855A5963A968,B6886BA90C968
2018-11,A8689996555B0,B705AB0A9875B
2018-11,A870798BB5504,B707A4CC9CC76
2018-11,A9B08879A459B,B77A4C0899808
2018-11,A864694B35B3B,BB969B7BBC904
2018-11,A86993A348064,B697B49C579B0
2018-11,A89B848795744,A56A6A546659B
2018-11,A87064A9BBA44,B70697585059B
2018-11,A9BBA879A9456,B77B66A698656
2018-11,A876797AB8800,B7A49BB647648
2018-11,A8649773835B0,AA65B94B0707B
2018-11,A9A9408799840,B770000904B88
2018-11,A9B463739B99B,ACA558C787A04
2018-11,A85876850B880,B69C079466080
2018-11,A9BB07BB8AA84,B77B59A8C7B80
2018-11,A875B57A6387B,BB9BB77A4979B
2018-11,A875067404384,B7AB560B059B0
2018-11,A9B589AB93B80,B7759B90B8704
2018-11,A869984006B40,B706B5CC48960
2018-11,A85074A03A008,AA65B66780B56
2018-11,A88969A30403B,B7C06778B97B8
2018-11,A874A5868BB08,B7AA764598880
2018-11,A8764A5643744,B7A4A67607C9B
2018-11,A87A538847840,B707995C6AC76
2018-11,A87B894066784,B7076B96C77B8
2018-11,A86993A839584,B706A9797A040
2018-11,A87B670A30B7B,B70960C975B64
2018-11,A87047890A344,AA65B66944096
2018-11,A87BB4807843B,AA65B95CBAA84
2018-11,A9BA746A085AB,A4C058BB9667B
2018-11,A86A76A499B3B,B576C778C97AB
2018-11,A858546499680,B69B75B6C8048
2018-11,A8786404B7A04,B4C8C8776AB48
2018-11,A870A07738B08,AA65A74C08960
2018-11,A8563683AB4A6,B6857955984CB
2018-11,A858765B9A6A6,B69C0608866B4
2018-11,A8563866B97B8,B6857955984CB
2018-11,A9B858A74B688,B77B987AA7664
2018-11,A9B0658079840,B77AB069C05B8
2018-11,A9B3579478AAB,B77405AC895C6
2018-11,A8965857B4000,B7C9BA897B768
2018-11,A9BBB3A304B88,AA9445566B688
2018-11,A854960B38688,AC5B98C05BC84
2018-11,A869AA857059B,B705B5C8B6656
2018-11,A9BB36657059B,B77B8555BAC76
2018-11,A9BB0305675B0,A5C69A65BA056
2018-11,A85500775BB88,B68848BC778B4
2018-11,A88663A75587B,AA65BA0746976
2018-11,A8797A656099B,B7A8070C4A7B8
2018-11,A85606B0B99B0,AA65BBC8BA408
2018-11,A87004B3988A6,A5779BC969AB0
2018-11,A867486855B64,AA65AB0B745B8
2018-11,A9B9993B898B4,B7798B00CB096
2018-11,A864930754656,B698A99859B96
2018-11,A9A9A5360B656,AA65B96697440
2018-11,A858386A33088,B550CB659A584
2018-11,A9BA8753AB736,B77BC9BC45696
2018-11,A9A87A43A4848,B70585B6B9088
2018-11,A865A7B5497B8,AA65B94B0707B
2018-11,A858AA8778976,B69BB80680544
2018-11,A88B77B570B08,B7BBB88468064
2018-11,A876099760BB4,B7AC7746B0768
2018-11,A870480A465B8,B70677806B944
2018-11,A8759384A059B,B7AC4C8060640
2018-11,A9B575A734368,B77589C540960
2018-11,A9B393A439B00,B4C7A99495B64
2018-11,A8760BB6B435B,AA65B976A4944
2018-11,A8699A8568544,AA65BA9B66656
2018-11,A86939B773BA6,B705557094496
2018-11,A9BA7636066B4,B77BB757899B0
2018-11,A8769A9353440,AA65C0B497C76
2018-11,A8759B464803B,B7AC4C8060640
2018-11,A879877550A76,AA65B5970BC68
2018-11,A86B6337506B4,B69754997A55B
2018-11,A8769303307B0,B7A5B5C604448
2018-11,A856670433376,A5CAC7CC55A04
2018-11,A9B43587339B0,A568067846B40
2018-11,A893350A46A44,B7C5BCB48C4B4
2018-11,A8667A946A47B,AA65B697949AB
2018-11,A873B8A548384,B7A0688A04544
2018-11,A8666704733AB,B5985A875ACB8
2018-11,A9A9A44034400,A4690A9947A04
2018-11,A88B9B94306B4,B7BB45BC7C600
2018-11,A869676839008,B7058806AB960
2018-11,A9B46B3A7A680,B77498085C856
2018-11,A87485A3977B8,B7AA966646C68
2018-11,A9A9679987808,B770B7694A9B0
2018-11,A855093440608,B688566C6BB08
2018-11,A87B79B68B59B,B708599B756A6
2018-11,A8690B908AA84,AA65C0954B496
2018-11,A86970B5B9AB0,B676965998688
2018-11,A8759087883B0,B7AC4C8060640
2018-11,A85A63648BA44,B68564696B784
2018-11,A87A5486AB704,B708007A57856
2018-11,A87409B09763B,B7AA67969699B
2018-11,A86489657763B,A5BCC7498ABA6
2018-11,A9B943B0395B0,B77B55874A600
2018-11,A87A055AB66B4,B70745ABA5968
2018-11,A8768BB753376,B7AC98466C648
2018-11,A85AAA85A8368,A45A6B4956000
2018-11,A847849648BB4,B68A968558A76
2018-11,A86786480A376,AB07906664544
2018-11,A8668B464675B,A56A6A546659B
2018-11,A874B59A48896,B7AA88479A904
2018-11,A87B6A8946656,B7095466640CB
2018-11,A865A57BA4304,AA65B87B60B56
2018-11,A874A9A8A0656,AC5C508AB68A6
2018-11,A9BA49B779A04,AA65A79486C04
2018-11,A9B00B7A3B000,AA65B96468064
2018-11,A9B00BA954656,B7706B0809CAB
2018-11,A865090596960,AA65AC8755680
2018-11,A874588A396A6,B7ABA4949A808
2018-11,A9B4743430B40,B7744A7A787B0
2018-11,A9A96A39B75B0,AA65B94B0707B
2018-11,A9A8760976480,AA65B746AA808
2018-11,A8766576354B4,B44606A4C70B4
2018-11,A87AA55B00096,B7075C084BB08
2018-11,A875938AA5680,B7AC48400AC76
2018-11,A869839A389AB,B4C7A4AB0099B
2018-11,A873B5BBBA0B4,B7A066A56B464
2018-11,A9B90B0637B80,B7789BC66C456
2018-11,A9B7936540768,B7779080848CB
2018-11,A87679670B8A6,B7AC98466C648
2018-11,A856383A563B0,B6857955984CB
2018-11,A9B6A038B65B8,AA946558096CB
2018-11,A87683B97699B,B4C99C98A7568
2018-11,A9B468A859A68,B7750CA4A4880
2018-11,A869BB7458656,B705058AC6A60
2018-11,A9BA647345760,B44606A4C70B4
2018-11,A9BB50B033504,A5769740B4800
2018-11,A86A6366B0384,AA65BB0675680
2018-11,A87694396BB08,A5CAC7CC55A04
2018-11,A9A877667B35B,A48A45704A504
2018-11,A8597375837AB,B694C40608096
2018-11,A865B38773856,A4C058BB9667B
2018-11,A89566BA579B0,AA65A0C5C0080
2018-11,A899BB7545696,B7C75CAC55BCB
2018-11,A9A8773854304,BC000A9966048
2018-11,A8743B87A5360,B7AA9BB8C555B
2018-11,A9B08A57B6688,AA65ABC9AA776
2018-11,A8768474B7680,AA65BBC8BA408
2018-11,A86397786ABA6,B698859905AB0
2018-11,A909838905440,B76AC4A86A984
2018-11,A87A95BA506B4,AA65A5907A840
2018-11,A87B0444B53AB,AA65BCB570464
2018-11,A889674494048,B7C066BBCBA60
2018-11,A876848967776,AA65B976A4944
2018-11,A87337B479584,B7A07685A7BA6
2018-11,A9A9708004448,B454C5455907B
2018-11,A857B8A7B04A6,AA65AB96AC408
2018-11,A9B88B406B048,B77449877A040
2018-11,A858063B04448,B69BBA8CBC040
2018-11,A9B753464AB48,B7775C44CACB8
2018-11,A87B406380640,B698C85AB9568
2018-11,A8763A085A680,AA65A79C88000
2018-11,A9B4937973856,A47A9B4699BCB
2018-11,A87684346B75B,B7A5A5BC5ACB8
2018-11,A87590A939808,B7AC4C8060640
2018-11,A9A8963B53344,A4C058BB9667B
2018-11,A9A9B40B740A6,AA65BA66AB448
2018-11,A867ABA4B65B8,AA65A0C8905B8
2018-11,A8768BB8A89AB,AA65B976A4944
2018-11,A9B69A067B99B,B7C976659A584
2018-11,A850B93AB5BA6,B684577546CC6
2018-11,A874B30444AB8,AB0790594C648
2018-11,A8696550A55B0,B6B88C45B5B80
2018-11,A9BAB6B7A4976,B77A8A556CC60
2018-11,A858886467680,B69CA89599CB8
2018-11,A87B787406944,B7097B6560C5B
2018-11,A8744ABA4B688,B7AB0CC755BCB
2018-11,A9A963B769AB0,B705557094496
2018-11,A888B3689635B,AA65B5BB640CB
2018-11,A875966787680,B7AC585877088
2018-11,A89B5576A9B96,B44B804559968
2018-11,A9BB87B967B64,B77CB59878496
2018-11,A867854B50080,AA65B8A788000
2018-11,A90A3957387B0,B74885A5A9584
2018-11,A8970074A539B,B7B7AC9999840
2018-11,A87378696B0A6,B7AACAA6468A6
2018-11,A85A796B9A680,B6857955984CB
2018-11,A9A9907430496,B770507A69888
2018-11,A8706B60B9664,B70695550A664
2018-11,A865683A7347B,B69004CB487C6
2018-11,A87784976803B,B7A64406580A6
2018-11,A853836755040,B687C0A7A40A6
2018-11,A87A06007459B,A56995CC8B496
2018-11,A874533BB0448,B7AB065BAB5AB
2018-11,A87630B495840,B7AC98466C648
2018-11,A853438394464,B68699A695968
2018-11,A86846B9A5680,A5C695C48CC60
2018-11,A9A89A4756704,B7695A9B80BB4
2018-11,A870763753568,AA65BC4864BB4
2018-11,A857B7B4A4304,AA65B8A8B0768
2018-11,A878085075040,BCA6C7BC77696
2018-11,A9B0A379B0608,AA65B5A8708A6
2018-11,A865807495B64,AA65B6BA59968
2018-11,A876749779040,B4C7A99495B64
2018-11,A87B89360803B,B70995A87CAB0
2018-11,A9B308A96A568,B5576CCA67456
2018-11,A9BA8B6750560,B70585B6B9088
2018-10,A8A8B45464A60,AA65A6B086496
2018-10,A7B3B07A55808,A490B46565984
2018-10,A799700578400,B576999940A9B
2018-10,A8453AB45475B,B67980C5764A6
2018-10,A7A79AB7645AB,B447C7684B848
2018-10,A84BBB787A840,B67680409B000
2018-10,A8A793479075B,B599584497760
2018-10,A7BB054377568,B45CB95759456
2018-10,A845AB053B576,AA946558096CB
2018-10,A8BB96389B3B0,B6B68587ACA84
2018-10,A7BA7B4764B56,BCA87CA804768
2018-10,A84A5A6B8A95B,B67607A07A840
2018-10,A83685B05B064,BCA4405A8C584
2018-10,A7A47660B0704,B445BAAC040CB
2018-10,A7BBB0B75A07B,AA65AB96AC408
2018-10,A7ABAB6984B88,B44C79457955B
2018-10,A8A5097B4579B,B5975A04A44CB
2018-10,A7A9A3A47A968,B448475095AC6
2018-10,A84597B566AAB,B680B9B999B64
2018-10,A7B7B66B9A808,AA65A5B6A6544
2018-10,A8A0440B90400,B58998BB94AAB
2018-10,A7799364B8AB8,B5CA0CA646C04
2018-10,A79644B947680,B564C95958C68
2018-10,A7B4863BA7760,B456AB56C6704
2018-10,A798B6ABAAB3B,ABA75BCCA8880
2018-10,A798B799545B8,B57B6BB69B448
2018-10,A7BA9B5664864,B45CA7504BA44
2018-10,A7963957945B8,B56C605758048
2018-10,A8BA867475040,B546995B656CB
2018-10,A796036034656,B56CBCCAB0C5B
2018-10,A796ABAB9699B,B558049B88B88
2018-10,A76B333655A36,AB0790A06ABA6
2018-10,A836386746464,B65C967745AB0
2018-10,A795AB4A995B0,ABAA85966499B
2018-10,A7BA4A340B7B0,B45B5BB04A440
2018-10,A8AB976A73A5B,B595769B5C984
2018-10,A8A3846B6A856,AA65B6BA59968
2018-10,A779867B54880,B547C958544CB
2018-10,A8B56B3B44896,ACBC64CCC8848
2018-10,A84546B663B64,B6799AC5AC056
2018-10,A795B4770BAAB,B559886458976
2018-10,A7B405B570B08,B454C5455907B
2018-10,A7B7A8BB09AB0,B44B9C966B4CB
2018-10,A7806444A3536,B548068B86560
2018-10,A83648B494560,B577868685408
2018-10,A73B550A97344,B46CB4C6CB7C6
2018-10,A795B8830A664,B5599A988BCC6
2018-10,A7B0803590B40,B45A647A0C07B
2018-10,A8B0857565B80,B59B967000A60
2018-10,A7B594977A87B,B456859A48C84
2018-10,A840663003B3B,B67500A458784
2018-10,A8B9A3833379B,B6C9B778A795B
2018-10,A7839A5970656,B55B74644B848
2018-10,A7BB464469088,B454059ABB784
2018-10,A7A9B4B03AB00,B448587BB7BCB
2018-10,A8304934BA664,B64B4CA8690B4
2018-10,A84076AA76A60,AA65ABC9AA776
2018-10,A7938B03B803B,B558B87A5AB00
2018-10,A83697493B064,B66AB04787B96
2018-10,A8087706B97B8,B58690C969888
2018-10,A7B08733B0544,BB989C7BAC0B4
2018-10,A73A407446AAB,B46B0C00C7088
2018-10,A7B93994B307B,AB64705044576
2018-10,A7A07A89A0560,A950C85A7667B
2018-10,A8B06B094755B,BC000A9966048
2018-10,A73A0B60B659B,B46A5B449BC84
2018-10,A8408339BAAB0,B675A8B7CAC60
2018-10,A845976596576,B680B997A6704
2018-10,A800748630AAB,B5780600A7760
2018-10,A7B9A988A7376,A45A980554CC6
2018-10,A7A934587B99B,BCA44A0C609B8
2018-10,A730A865A043B,B4595865B7CB8
2018-10,A8B3B90A96064,B6B86A868B464
2018-10,A7B8709B63456,B459B89944A60
2018-10,A76BAAABB595B,B5B8787A0C840
2018-10,A8BB75709347B,B6B7AB5C79A68
2018-10,A8B8605886560,B6C888B8CB480
2018-10,A8A94A8886B40,B6ABC799A0B40
2018-10,A8363399B099B,AA949950BC968
2018-10,A79556B963040,B560A987C80A6
2018-10,A78A67005A936,B549859BBA600
2018-10,A7B83B6336608,B456859A48C84
2018-10,A809300848736,AB085BA4905B8
2018-10,A79BB888500A6,B558049B88B88
2018-10,A836B0393379B,A45BA80AAA456
2018-10,A7A377069B704,AA65B6AB4B464
2018-10,A7A75653B5408,B447A4B879CB8
2018-10,A84389A9B9A84,B67865CC54080
2018-10,A8A6684560480,B5985A875ACB8
2018-10,A795A6807587B,B5598A8956896
2018-10,A7795757A7984,AC9B788078688
2018-10,A7840B007459B,B45658A6C6A9B
2018-10,A7B646B09955B,ABBAAAB5945B8
2018-10,A79735337379B,AA65C0B497C76
2018-10,A7A8775A85504,B4480676578B4
2018-10,A7A95A7B4963B,B449CC50B5760
2018-10,A7B899667A584,B45A8099600CB
2018-10,A7A5A7A4B6400,BC0A8B774C840
2018-10,A76B5397986B4,B5CA0B05707B0
2018-10,A7967476573AB,AA65B46A69A84
2018-10,A835570888800,B65B9697C0A44
2018-10,A7B75A8474336,B45795445A55B
2018-10,A7A894BA05696,B44B75049B768
2018-10,A840506470496,A56B808A890B4
2018-10,A7963BAAA6B56,B560A0089B768
2018-10,A78BB57385568,A50B4560866B4
2018-10,A8359597794B4,B65C440C44A60
2018-10,A84A545AA779B,B676076CA47B0
2018-10,A8A5A936A6480,B59576CB90B08
2018-10,A8A538960A888,B44599685AB96
2018-10,A809089855584,B58974C808608
2018-10,A73A590AB77AB,AC8604A868C84
2018-10,A73AA680A0336,A4A54AA5CA87B
2018-10,A7B94A7BA6096,AA65CA888AC76
2018-10,A73B688609376,B46CC9C9C955B
2018-10,A7A05B55A38B4,B44B804559968
2018-10,A78BBA639B800,B550B44507744
2018-10,A7A4AB783AA36,AA65B45775968
2018-10,A7A690A9700A6,B4466994955B0
2018-10,A7A947A407B00,B448850059C60
2018-10,A783BB8530784,AA65A74C08960
2018-10,A7B7939A499B0,AA65C080679C6
2018-10,A7B074B93667B,B45A75C89C984
2018-10,A8B4A90A03648,B547C958544CB
2018-10,A84A4A97A4656,B675956B855C6
2018-10,A84BA3330339B,B676708507744
2018-10,A779833995360,B54740ABB8C84
2018-10,A76A8A3037A5B,AA65B70450B7B
2018-10,A78B688448608,B550CB659A584
2018-10,A84484AA85376,B6794C69C5B64
2018-10,A7AA935B9A488,A5569486A5B64
2018-10,A78B644998B40,B44AB9BB5ABCB
2018-10,A8446B3933536,B679B584807C6
2018-10,A783056B69408,B5478094A9C60
2018-10,A7305A0A59968,AA65A0C5C0080
2018-09,AA9B7A3584736,A5698C54A7696
2018-09,AA90554370A44,AA65BBB084704
2018-09,A70047550B688,BCA504C60B5B8
2018-09,A689679986784,AA65CA0B6CC9B
2018-09,AA8498B073440,A56B9796967C6
2018-09,A685573B38880,BB9B09B4C6576
2018-09,A6909780B5568,BB99686B89504
2018-09,A689300009056,AC67C5C0CB800
2018-09,AA76989A06B7B,A5569486A5B64
2018-09,AA9476663A008,AA65B47545440
2018-09,A34444A548896,A95A90CA87040
2018-09,A699997646944,ACBC64CCC8848
2018-09,AA999B6575B00,AA65A6B709088
2018-09,A693A576546B4,A49C7B5C479C6
2018-09,A703555399776,BCB00C5C48576
2018-09,AA88935794784,AA65BC6568A60
2018-09,A34AA8775B03B,A57694ACBBCC6
2018-09,A699983A307B0,BCA45B79CB5AB
2018-09,A70BB34B5955B,BCA87CA804768
2018-09,A68569837987B,BB9BBB7899488
2018-09,A705545334880,B4C84ABA0787B
2018-09,A69A654848608,BC0040B7B9056
2018-09,AA750A3097568,AA65CA55C9040
2018-09,A699770400864,BCA4CA70704CB
2018-09,AA90656933984,AA65C0A84B0A6
2018-09,AA890A7B88800,A5664A0440800
2018-09,A7A0058504B88,B44B4658C7A5B
2018-09,A34A609B79584,A4AA8C99A8A76
2018-09,A337A5B340064,A94CAA85ABBB4
2018-09,AA9A4A5BA8B7B,A5609A04C0C04
2018-09,A69049364899B,BB99A5B4660A6
2018-09,A7037A76669AB,B4C5567B884A6
2018-09,A69B869787744,BC0BB0A56AA84
2018-09,A69A876A309AB,BB99B66A05440
2018-09,AA8530A36483B,A56BAC7ACCA5B
2018-09,AA899BA75AA36,A567C5B0B9B80
2018-09,A690B860637AB,BB989C7B4579B
2018-09,AA87B03645536,ACB8A80C96AB8
2018-09,A6904573748A6,BB99A05476704
2018-09,A699783737440,BCA4CA5694A76
2018-09,A690360873056,BB990B46708A6
2018-09,A686B5789347B,BB947B5B79840
2018-09,AA9B649687A36,ABB00A7B9AC60
2018-09,AA97A98737504,A575B07600BB4
2018-09,A706A30735B00,BB96BAAB4CA04
2018-09,A69B799008864,BC0A8B774C840
2018-09,A69A085340768,BB99807BC6A9B
2018-09,AA768AA864A60,AA65B94B0707B
2018-09,A700A8675A07B,BCA45789A95B0
2018-09,AA9A805780064,A5694799504CB
2018-09,A70BB3589795B,BCA87B4BC5C60
2018-09,A70B970687584,BCA94578AB576
2018-09,A344443777AB0,A95A9057A0A76
2018-09,A343385A08576,A95067BC88A9B
2018-09,A704696676448,B4C685C694560
2018-09,A706B34839A36,A56A6A546659B
2018-09,AA79389657A84,A4AB449009760
2018-09,A69B4303033B8,BC0AB495A97AB
2018-09,A689B9578A984,BB97795A499B0
2018-09,A337559744608,AA65A0CA04096
2018-09,A706563633B48,A564CA64C45B8
2018-09,A690B85670496,BB989C7BAC0B4
2018-09,A6883B0B786B4,BB969B7BBC904
2018-09,A69B757000B88,BC0A8AA6875B0
2018-09,A69AA830BBA76,BB999B4086880
2018-09,AA8858848675B,AB99CB40A059B
2018-09,AA907544A8784,AA65B6BA59968
2018-09,A703453BB9A5B,BCA9954575456
2018-09,A703437860960,BCA9944CA907B
2018-09,A709570654304,B44BBB4B7A456
2018-09,A68739A535B00,AA65B6BA59968
2018-09,A69A305377888,BC000C5A04864
2018-09,A689503A05AB0,BB9807407AAC6
2018-09,A690A96836448,BB988B996CC60
2018-09,A338708A3A936,AA65ABC9AA776
2018-09,AA9A63BA75B00,A569B7089059B
2018-09,A68567A0A859B,BB9BA88086C68
2018-09,A699BAB59AB00,BCAB68B0AB768
2018-09,A709049479B64,B44B007085A5B
2018-09,A690708A483B0,BB99C8A088C5B
2018-09,AA8950BA56896,A5668989ACC76
2018-09,AA8994734B944,A56A9547AC696
2018-09,AA88060B99360,AA65B7B6AB960
2018-09,AA90B43565664,A567745998944
2018-09,A6860B3667808,BB9B09B4C6576
2018-09,AA93A7843A584,A57A00C8B6B7B
2018-09,A70AA43AA79B0,BCA6C55797088
2018-09,A338B7B87459B,A944495489AB0
2018-09,AA8B0A86338B4,A560B5949C984
2018-09,AA95435556960,A57CC79604576
2018-09,AA8B94B69A4B4,A5C76A6609C76
2018-09,A33708B937440,A94C00A596000
2018-09,A7074583307B0,B44098046C7AB
2018-09,A344489095B64,A95B04566BC04
2018-09,A6906B875A456,BB99B98A85CAB
2018-09,AA75B84ABA696,A55B5C4B74A44
2018-09,AA9768488355B,A5758490CC8B4
2018-09,AA93A399B9A84,A5675498A69B8
2018-09,AA9B596308064,A570B48949856
2018-09,AA85B84A6A63B,A56CB9B4C45B8
2018-09,AA90468AB4768,A56798055BB88
2018-09,AA95A4B3A6AB8,A40474489B5AB
2018-09,A690606A4A536,BB99B66A05440
2018-09,A6860B84A9A68,A9505B8864C5B
2018-09,A690B74A36A60,BB989B0A40896
2018-09,A6906000A39B0,BB99B67B85088
2018-09,AA89BA98B7808,A5666A864867B
2018-09,A339306B46B40,A9456A64496CB
2018-09,A340985999456,A94747649BC84
2018-09,A70A36B95843B,BCA6C7BC77696
2018-09,A70743A460960,B44096470BC04
2018-09,A34B389059680,AA65B9ABB5A84
2018-09,A69038AA56448,BB99045806A76
2018-09,AA74969090A44,A554C4AA99968
2018-09,A6995069789AB,BCA40C949B704
2018-09,AA9B5B3A69888,A570B4554A984
2018-09,AA88A78755680,A564CA64C45B8
2018-09,A707985764448,B44ACB5A8C07B
2018-09,A690456359008,BB99AB897AC60
2018-09,A6998444893AB,BCA4405A8C584
2018-09,A7063A8037088,B4C9677968480
2018-09,A69AB9B99A584,BC000A9966048
2018-09,A33993585059B,A946C64084CB0
2018-09,A3396598AB960,A945A4485B576
2018-09,A70A84A305696,BCA8BC0847584
2018-09,A69A3B566AB80,BC000857CA4B4
2018-09,A339484B74784,A9457678C779B
2018-09,A69B7A476B336,BC0A664A65984
2018-09,AA797A75993B8,AC6BCB06BA664
2018-09,AA9080B78435B,A4B74A78909AB
2018-09,A7065BA657440,A95B40C68547B
2018-09,A70094778787B,BCA6008456B88
2018-09,A34B4B064803B,A9490A57C64A6
2018-09,A34333A958880,A95059898787B
2018-09,A703A548A0976,BCA96CB9575C6
2018-09,A34A87B83B608,A48A45704A504
2018-09,AA80B65054304,A5585569C4B40
2018-09,A3399704B083B,A94640C04547B
2018-09,AA834A658BB40,A56A9547AC696
2018-09,AA949A6AA86B4,A57B98088C55B
2018-09,AA84865484896,A56B808A890B4
2018-09,AA978433A683B,A5760B8668000
2018-09,A69B799303776,BC0A9C8696B88
2018-09,AA7486A0BAB80,AA65B8C49A9C6
2018-09,A689308364896,BB9788444B7B0
2018-09,A6905A688A504,BB99A7966C456
2018-09,A706499506B7B,B4C999644067B
2018-09,AA85B094A78B4,A56CBC086C456
2018-09,A68569A564AB8,BB9BBBB8B0448
2018-09,A340B07B0B400,A9456544605AB
2018-09,A7003899AB67B,BCA49545C9A04
2018-09,A70654AB8547B,B440A87B8A504
2018-09,A3450073BAA84,A95B694075488
2018-09,AA90745604A9B,A568B876BABA6
2018-09,AA98837334AAB,A5769740B4800
2018-09,A7057303A0B40,B4C8699A5555B
2018-09,AA888996A89AB,A566C0B7979B0
2018-09,A685594A7763B,BB9BAA560C55B
2018-09,A708777308B56,AA65B905C7056
2018-09,AA74989570A44,A554BA5567456
2018-09,A3445807A459B,A95BA765C7696
2018-09,A338777A74AAB,AB07906599008
2018-09,A6887779A65AB,BB97400B6B75B
2018-09,A33877573B3B0,A45A6B4956000
2018-09,AA770480B3A36,A5570A6674400
2018-09,A340BBB73443B,A45948BCB9A84
2018-09,A70067A3570B4,BCA55665A4B7B
2018-09,A7074373B643B,B4C8BC05076A6
2018-09,AA993437963B0,A577459B86AAB
2018-09,A6863757B7B00,BB948607755B0
2018-09,A705505390688,B4C8C8776AB48
2018-09,AA8B5639B6AAB,AA65AB96AC408
2018-09,A6998BA6500A6,BCA4C777895C6
2018-09,AA799B9B47840,AC5B98C05BC84
2018-09,A7087739659B0,AA65B905C7056
2018-09,A34B4838B4736,A94908A5C4560
2018-09,A70387305B768,B4C570786CAC6
2018-09,A690B8A345AB0,BB989B9807456
2018-09,A705934848096,B4C87B49AAB00
2018-09,A700843AB6880,BCA58C7A7795B
2018-09,A69A6894A8848,BC0040557987B
2018-09,AA8776768AAB0,A564BCC0C9968
2018-09,A69340587BBB4,BC0B9C9AC6096
2018-09,AA8664780A95B,AA946558096CB
2018-09,A687690674B7B,BB96BAAB4CA04
2018-09,A68757549475B,BB955B6BB8064
2018-09,A70B3933A54B4,BCA887AA6707B
2018-09,A6998334A37B8,BCA4C9AB8995B
2018-09,A69A33A4B8448,BC000856CCAB0
2018-09,A69A0050B6400,BB997A45C55B0
2018-09,A3436950B83B0,A95A0A4846560
2018-09,AA90553354336,A568067846B40
2018-09,AA9A504B8A696,A569AA075CC76
2018-09,AA79906506848,A558B5A7986B4
2018-09,AA800BB636640,AA65BA9889B48
2018-09,AA83597658B08,A56BA700CBBB4
2018-09,AA87B8A436768,A5646AA4AB064
2018-09,A3393B348BB08,AC4A0890BB048
2018-09,A34AB6393763B,A9477544C0560
2018-09,A68898B0B8384,BB97576849504
2018-09,A34B748393568,A56A6A546659B
2018-09,A340785590368,A947B60C54656
2018-09,A704845574B40,BC000A9966048
2018-09,A685706539A04,BB9BBC85A6CB0
2018-09,A68709BA0ABA6,BB955B6BB8064
2018-09,A340059B54880,A946505674848
2018-09,A33740BB6A600,A94CC45B9955B
2018-09,AA9979A308896,A5779BC969AB0
2018-09,A69053677A680,BB99B0B568B88
2018-09,AA77A679540A6,A557A54B67BCB
2018-08,AA43498440800,AC5B98C05BC84
2018-08,AA087705867B0,A4848B6B47B64
2018-08,AA58B4A9A0880,A5CB57A09A040
2018-08,AA659AA88387B,A54A8B867C6CB
2018-08,AAA00A09BA056,A48607B479840
2018-08,AA07BAB50A088,AA65ABC9AA776
2018-08,AAB767B840B88,A50B4560866B4
2018-08,AA45A988706B4,A5BC8CB8A57AB
2018-08,AAABB506466B4,A48566B78A5C6
2018-08,AAAA7534B499B,A48790565B8CB
2018-08,AA6B59399B800,A5C76A6609C76
2018-08,AA6A877094496,A5C68A887B4A6
2018-08,AA07BA456547B,AA65B5000C040
2018-08,AA066894B5504,AA65B05AA0880
2018-08,AAA063A84A888,A4867CCC776CB
2018-08,AAAB8B8346464,A490B46565984
2018-08,AAA3778389088,AC68509A86A44
2018-08,AA078A9364448,A48C88BA684A6
2018-08,AA7A3B07993B8,AA65BC06699B0
2018-08,AAA4A8BA89A5B,A49A9A8946400
2018-08,AA460A0A73536,A5BCC7498ABA6
2018-08,AAA06B5583B00,A47A9B4699BCB
2018-08,AA5A5998045AB,A5B668055A5B0
2018-08,AA6007AB500A6,ABBAAAB5945B8
2018-08,AA59A9A69A360,A465B6460CBCB
2018-08,AA09558493B80,A4680565C5AC6
2018-08,AA53B3A585376,AA65BA7B67808
2018-08,AAB00A050BB40,AA65B8C4B6400
2018-08,AAAB6830B0384,A48485BBCBB88
2018-08,AAA0B4937379B,A465B6460CBCB
2018-08,AAB4345AA88A6,A5008A585A6A6
2018-08,AAAA899635808,AA65B8A788000
2018-08,AAA09B4460AB8,AA944B96ABAB8
2018-08,AA366098B0768,A506C8477CBA6
2018-08,AAAA508BBB048,AA65B7A66B688
2018-08,AAAA86B4AA360,AC6A65697AC60
2018-08,AA6385765795B,AC98B869095C6
2018-08,AAAA0505A86B4,AA65A4A80CA04
2018-08,AA060864B8768,A48BBA0508896
2018-08,AAAB576BB947B,A489946869856
2018-08,AAAA359586400,AB977946B97B8
2018-08,AA08A9BB97056,A484B898C5A04
2018-08,AA60736B76576,A5C5558B54688
2018-08,AA4346898B368,A5BA7AA74C07B
2018-08,AA085840057B8,AA65BC4864BB4
2018-08,AA0896A755B3B,AA65C080679C6
2018-08,AA5704663B544,AA999CA6BA47B
2018-08,AA63998A34368,A5C9CBCA99584
2018-08,AAB455303A776,AB079055504CB
2018-08,AA5B577470560,A5B74B77B7456
2018-08,AAABBA053859B,A48946590AA5B
2018-08,AA069B38A5008,A40959A7C8464
2018-08,AA58704365664,A5CB084486B40
2018-08,AA09B47098976,AA65BC50B8064
2018-08,AAAB4A6944BB4,AA65A46BB6784
2018-08,AAA0B7A9837AB,AA65A4C867488
2018-08,AABA659093088,A49978BC8A664
2018-08,AA6957A545A84,A545575989C44
2018-08,AA09A875595B0,ACC905A409504
2018-08,AAAA374757984,AC9B788078688
2018-08,AA06804047968,AA65BBC8BA408
2018-08,AAAB077A07B96,A488584C764A6
2018-08,AA07A0099A584,AA65A0C8905B8
2018-08,AA56085350496,A5C00B7AA459B
2018-08,AAA776776B0A6,A495B57B84704
2018-08,AAABB48B54560,AB7A77C59C696
2018-08,AA533BA664608,AA65BC96A5584
2018-08,AA48078A6B0A6,A4848B6B47B64
2018-08,AA05A0B96B784,AA65B5000C040
2018-08,AAAB486A50B40,A4898CA00BB08
2018-08,AA07A55648608,AA65C0954B496
2018-08,AA073459979B0,A47066C6555B0
2018-08,AA63B9847B03B,AA946CA46C008
2018-08,AA6450B007904,A5C9959A9C696
2018-08,AAAAA0750BA76,A487B6BB859B0
2018-08,AA703A8458976,A5446CC057C76
2018-08,AA0770395555B,AA65CA89469AB
2018-08,AA4733A706976,A5B46405469AB
2018-08,AA5097B657760,A5B604A5755B0
2018-08,AAAB45580707B,AA65BB8900448
2018-08,AA6A6B0684896,A5B8887B46944
2018-08,AA07B90030A76,A4C058BB9667B
2018-08,AA66B50AA5A68,A54BA7906A856
2018-08,AA6B0A9AAA008,A5C695C48CC60
2018-08,AA694343AB800,AA65B86047840
2018-08,AA09A9997859B,A485BBC0C4976
2018-08,AAAB7B5946464,A490AB9CBB080
2018-08,AA5A3945AB99B,A45A980554CC6
2018-08,AAB4B67B948A6,AA65B84B78C68
2018-08,AA06AAA660AB8,AA65CB7859808
2018-08,AA06BA3077088,A48BC585547B0
2018-08,AA09A93785440,ABA7458798688
2018-08,AA684B6860640,AA65B84409440
2018-08,AA7BA486A73AB,A55AA70076768
2018-08,AAB996B373BA6,AA65C09476960
2018-08,AAAA05300899B,A487BA8CAAB64
2018-08,AA068085044A6,AA65BAAC69568
2018-08,AAA745653A55B,A49B8805BCC60
2018-08,AA0730058A47B,A48CC4A9BB400
2018-08,AA099648A6480,A4859676BBB40
2018-08,AA6559AA83456,A54A4C6670048
2018-08,AA6356AB386B4,A49C7B5C479C6
2018-08,AAA85AB939A04,A4964700B8C84
2018-08,AA5596758B304,A4CB0CA985760
2018-08,AA0569B033AB0,AA946558096CB
2018-08,AA03B3A5A6768,A47A9B4699BCB
2018-08,AA7B48A86787B,A55B599089B48
2018-08,AAA00555A8304,AA65A5B6A6544
2018-08,AA05378967648,A48A45704A504
2018-08,AA6A886A05696,A465B6460CBCB
2018-08,AAA0990979A68,A487A789B4AB8
2018-08,AA097B934563B,AA65BBB084704
2018-08,AA37059463B64,A506955C6B400
2018-08,AA06699649AB0,A47A8C47A8C04
2018-08,AABA799897A84,AA65B5C57475B
2018-08,AAB89B9B637AB,AA65A09559C9B
2018-08,AAAA765B87008,AB960769CAA68
2018-08,AAA57AA0AB960,A49C7B5C479C6
2018-08,AAAB04AA93568,A488584C764A6
2018-08,AA4A63BA7BAB8,AC9CC9B8ABAB8
2018-08,AA363699B6B40,A50609CAC80A6
2018-08,AAA0074A63B96,A486AB448B656
2018-08,AA635793593B8,ABBC858847840
2018-08,AA5696979A584,A5C074C488608
2018-08,AAAB479A70656,A4C058BB9667B
2018-08,AA0876AAA6768,AA65AB96AC408
2018-08,AA3990A890656,AA65B658B9984
2018-08,AAA8498750560,A496467A77568
2018-08,AA59935688800,A5C46A8BC907B
2018-08,AA60A6B803808,A5C495696A888
2018-08,AAAB7A7000800,A490AB07C6864
2018-08,AA09B95A04096,AA65C076747B0
2018-08,AAA0753083488,A48A45704A504
2018-08,AAAAA5367BB88,A487B9AA87B96
2018-08,AA6097A4A9744,A5C5A85C54848
2018-08,AA66B70890080,A54A690097760
2018-08,AAA03356A9A68,AA65BCC684576
2018-08,AAAA05939875B,A487BCA877BA6
2018-08,AAAA7669B5408,A4879A784B5B8
2018-08,AAA435897B5AB,A464CB9B07904
2018-08,AA6AA7A959904,AA65B5BB640CB
2018-08,AAA8974378080,A49695C454688
2018-08,AA07050B3395B,AA65B6BA59968
2018-08,AAAB7BB604AB8,A490AB9CBB080
2018-08,AAA5008B04896,A49B90B9C667B
2018-08,AA09B56700000,A4844544B8768
2018-07,A08A593069664,A44AC4AB76B56
2018-07,A0867A59860A6,AA65A878749AB
2018-07,A088AB088AB48,A4506B5A7A55B
2018-07,A073659445344,A4C0BAC8B05AB
2018-07,AA0B75A40003B,A47ACA668899B
2018-07,A063A9A773B80,A4A54AA5CA87B
2018-07,A073B79A39936,A4B9795504BB4
2018-07,A095A4B899808,AA65B5CC78A44
2018-07,A09B8386BAB80,A4590408ACA5B
2018-07,A0749BA898080,A4CA88040099B
2018-07,A0787B8097888,AC6BCB06BA664
2018-07,A063058079840,AA65BB55B5C44
2018-07,A07A533A6B59B,A4B74A78909AB
2018-07,A09399873955B,A4604400C95B0
2018-07,AA0066B8660A6,A46864BACB064
2018-07,A0840995B675B,A4464A48AABCB
2018-07,A076495745AB0,AB0790A06ABA6
2018-07,A08797AB6B560,AA65B895540A6
2018-07,A0643373753B8,AB07904C05B48
2018-07,A07B546A5B544,A4B8766AC0B7B
2018-07,A055365A037AB,AA65AB96AC408
2018-07,A09968906659B,A466A04A849B8
2018-07,A05AA06967648,AA65C0B4CA840
2018-07,A06ABB8675A68,ABBAAAB5945B8
2018-07,A079686463584,A4C7995CC5776
2018-07,A0535943865B8,A4A078A05C0B4
2018-07,A0700A8756704,A4B587776BA44
2018-07,A066064347B3B,A4BA8C5468896
2018-07,A06A69375A39B,A4A76B40B7BCB
2018-07,A0866376377B8,A4490470CA904
2018-07,A07B477077600,A4B8766AC0B7B
2018-07,A0646A44B8768,A4B0B6B998AAB
2018-07,A075A877AB096,A4CB40708A056
2018-07,A097A8B87A648,AA65B45775968
2018-07,A073B68BB8A9B,A4B9777B85BA6
2018-07,A088B56540768,A45077B594784
2018-07,A0598673B8608,A4AAA9A9C0976
2018-07,A05A070496864,A409459748960
2018-07,A05A605A06784,AA65C0B4CA840
2018-07,A068B7454883B,A4B4A6AB76000
2018-07,A076AA43B5600,A4C4C67787A04
2018-07,A074B59A3B5AB,AA65C0A84B0A6
2018-07,A07956B9B8BB4,A4084C9550048
2018-07,A056B953BA696,AA65B976A4944
2018-07,A0837B705B896,A4C994B44CA04
2018-07,A095059898464,A46A68A4BB4CB
2018-07,A07A399043A68,A4B7CC45B9AB0
2018-07,A0886BA0A9B3B,A40474489B5AB
2018-07,A06B053BA635B,A4A7986605A5B
2018-07,A07776973BA9B,A4C6CA5484B56
2018-07,A090663383A36,A45577C450CC6
2018-07,A07879B78A9B0,A4C8AC876ACAB
2018-07,AA00B9A407968,A468A0A886048
2018-07,A08088B987A04,AA65CBA4045AB
2018-07,A0980394B7A68,A4648CB85B064
2018-07,A0646A9409504,A4B0B5B4468A6
2018-07,A0656A8309BA6,A4BAC564CC504
2018-07,A0598B8A38080,AA65BC96A5584
2018-07,A097A58033504,A46C858790496
2018-07,A045574058080,A407956BBB048
2018-07,A0940B0333664,A460A0AA5B864
2018-07,A09B86463907B,A45906804CC60
2018-07,A098A7B366944,AA65B5BB640CB
2018-07,A066547904608,AA65B9AA9B4A6
2018-07,A09B699455584,A45890A94BC68
2018-07,A090B6B958A76,A455AB89C6544
2018-07,A07B888643680,A4B9AA0BB7040
2018-07,A0704B688BA44,A4B6BCB08B5B8
2018-07,A087850545B48,A450CCB5B0544
2018-07,A078775087B00,A4C8AB0706A44
2018-07,A0869904A80A6,A449C9568C4B4
2018-07,A0730754868A6,AA65BAAC69568
2018-07,A065938B88736,AC5B98C05BC84
2018-07,A07649997BA9B,A4C48BCACABCB
2018-07,A07538AA4A600,A4CC006A78400
2018-07,AA00700844AB8,A4676096ABC84
2018-07,A04405B4A0464,AA65A4A80CA04
2018-07,A0836453B9504,AA65CBA5C5584
2018-07,A07309A084384,AA65BCBC4A088
2018-07,A08A8AA959904,A44A79606CCB8
2018-07,A07067BBA6A60,A4B64B698659B
2018-07,A0895A93867B0,A45C45C4759C6
2018-07,A0756BA8BB560,A4CC586860AB8
2018-07,A07B6666077AB,AC6AA66696544
2018-07,A060A6450A600,AC5B98C05BC84
2018-07,A08735699363B,AA65AC8755680
2018-07,A076757A35456,A4C5AC57C795B
2018-07,A098448A09664,A465B6460CBCB
2018-07,A05768868B59B,A4A06AAA8C7AB
2018-07,A075A49733984,A4CB0CA985760
2018-07,A089A0B348384,A45A7B9649760
2018-07,A0706605835B0,A4B64A06C5C60
2018-07,A097636577376,A44AC4AB76B56
2018-07,A0788AA983968,A4C8A709C9488
2018-07,A066066378848,A4BA8C5468896
2018-07,A066093969504,ACB8A80C96AB8
2018-07,A055308546A44,AA65B976A4944
2018-07,A07807A36A63B,A4C058BB9667B
2018-07,AA0A49BB8963B,A4695679B6C68
2018-07,A095A9A068768,A46A807B5A55B
2018-07,A06A75768A760,A4A54BC590496
2018-07,A087036B93BA6,A449C07B75C60
2018-07,AA0A033996384,A4690A9947A04
2018-07,A06A854445664,AA65A44457CAB
2018-07,A095839449A84,A46B480B7C504
2018-07,A087550B59B96,A4499896C6A9B
2018-07,A0470633309AB,AB856976C4400
2018-07,A074A30354B7B,A4C080B79B544
2018-07,A05B480AA0688,A4A055400C55B
2018-07,A0890A47B675B,A45A6B4956000
2018-07,A056AB958AA5B,A4ABA7B4A507B
2018-07,A055B78B35744,AA65C0B4CA840
2018-07,A07739A09795B,A4C5958870AAB
2018-07,A08A69AB75360,AB958745BCBCB
2018-07,A06645985699B,A4BBB99660C84
2018-07,A07A93407907B,A4B5445B90080
2018-07,A07976707B864,A4C9B07A947B0
2018-07,A09B7496B339B,A45895B405088
2018-07,A066860740704,A4BB8A4085BA6
2018-07,A06AAB9AB5984,A4A7096790AAB
2018-07,A0973505AB736,A46406706C904
2018-07,A07BA37A09600,A4B804BC8C456
2018-07,A0643A057AA04,A4A99C8C00000
2018-07,A07865653B576,A4C7995CC5776
2018-07,A0987B6B44448,A44AA6A609CAB
2018-07,A05AAB57A0944,A40959A7C8464
2018-07,A06BBB9B46048,AC5B98C05BC84
2018-07,A099866734688,A4676A744C9C6
2018-07,A093A53BB6848,A45948BCB9A84
2018-07,A077A348A94B4,A40959A7C8464
2018-07,A088A4978B6B4,A45067655A776
2018-07,A08AA474B4864,A4ABA8BCAA008
2018-07,A05AA07A64B56,A4095667C6480
2018-07,A07466A5B355B,A4CA49A8C8048
2018-07,A060900B08736,A4A6A50679648
2018-07,AA0A6880AB896,A4700CB9698B4
2018-07,A056BB6607B00,AC04A5850C008
2018-07,A07966A3305B8,A4C909080B784
2018-07,AA0A96BA49984,A470CC6CC5968
2018-07,A096A45633376,A46AA5C8576CB
2018-07,A07406A8036A6,A4C058BB9667B
2018-07,A068789465A84,A4B47C550B4CB
2018-07,A06A636309088,AA65C0B4CA840
2018-07,A0686A8678368,AA95A0A749C44
2018-07,A079799AA9968,A4C9B706CC568
2018-07,A068368396384,AA65C0B4CA840
2018-07,A089B7B0866B4,A45A980554CC6
2018-07,A090833B85BA6,A45597448B0A6
2018-07,AA0A570B44704,AA65B9AA9B4A6
2018-07,A093797085B80,A450CCB5B0544
2018-07,A05A344404576,A4098CABC9776
2018-07,A05AABB79459B,AA65C0B4CA840
2018-07,A05A5080A5B00,A4A00B99ABA60
2018-07,A08A476087904,A44AB56B76064
2018-07,A0585A8B37B80,A4A4B660B8AB8
2018-07,A056B53870A76,A4AA590455C9B
2018-07,A0605787874B4,A4A659CB44B56
2018-07,A08643A887456,A4488B9B55776
2018-07,A078665838688,A4C7995CC5776
2018-07,A0875047773AB,A4497759BCB96
2018-07,A087808A76BB4,A450B8BB87B00
2018-07,A07AA86935904,A4B67BC60B5B8
2018-06,A0AA4880308A6,AC5ABA66B7808
2018-06,A006367866976,AC45A7C454944
2018-06,99BAA857AA04,AA65B9AA9B4A6
2018-06,A0A3873967B00,AC54BAA85BC84
2018-06,A00057350A536,ACC907A79AB00
2018-06,A0AB007B39776,AC5A76490A984
2018-06,A0B9BAB47A39B,AC9A506BB7B96
2018-06,A0B483650A600,AC6B4AA4BA79B
2018-06,A0B4463AA0B40,AC04A5850C008
2018-06,A0364B546A856,A40AA9097C5C6
2018-06,A0407B5B46048,A40600CBA6480
2018-06,A0B0B9A4A6A60,AA65ABC9AA776
2018-06,A0AB6A633A360,AC5B6CB795BCB
2018-06,A007006B859B0,ACC905A409504
2018-06,A03BB3B337504,AA65B50068576
2018-06,A033667B8099B,AC98C878C4976
2018-06,A03756B3A4848,AA65BC96A5584
2018-06,A0B40A48AAB3B,AC6858B0B9408
2018-06,A0A4B46B44448,AC5474B07AC9B
2018-06,A030595706976,AC9C077747808
2018-06,A040908BBB560,A406A89568096
2018-06,A0330AAB3B864,AA65B6BA59968
2018-06,A0AB46A043808,AC5BB8C9A4CC6
2018-06,9983A8637A5B,ACC7645957BA6
2018-06,A0A9BA0334304,AC5B98C05BC84
2018-06,A00B607B80BB4,AC40958769B48
2018-06,A00B666A97088,AC4A0890BB048
2018-06,A00A74305699B,AC40A8A545056
2018-06,A003375493BA6,AC4A57506979B
2018-06,A034797973600,AC98679A097B8
2018-06,A00839ABB5440,AB64705044576
2018-06,A0B65870009B8,AC87774C78080
2018-06,A0B0699443B96,AC6C69894B048
2018-06,A035B3857BAB8,AA65AB0B745B8
2018-06,A0B66B845B448,AC6769847C056
2018-06,A040758B76A9B,A406A09909088
2018-06,A03BBB8798560,AA946558096CB
2018-06,A0B48B37876A6,AC69456607CB8
2018-06,A0A948A88B7B0,AC6BCB06BA664
2018-06,A0B6A8585507B,AC84C60BA46B4
2018-06,A03806930A344,A40CB74ACC600
2018-06,A0084B9B0355B,AC4765C894B40
2018-06,A0B395B0B7744,AC68509A86A44
2018-06,A00966A4AA4B4,AA65B079B89B8
2018-06,A03A7BB33635B,AC95C74C586B4
2018-06,A038858748000,A404A040A5968
2018-06,A039946A86848,AA65A6CA0BC04
2018-06,A034586554464,AC9C8B5AB0C5B
2018-06,A0A88BA57475B,AC6A506500704
2018-06,A0403B79668A6,AC4A4C6559456
2018-06,A0363B3A9B9B8,AB97A7ACA68CB
2018-06,A03357503907B,AC98B869095C6
2018-06,A0077B9836AB8,AB66996969568
2018-06,A00796B8A6608,AC47AB495CA84
2018-06,99443B8AAA04,AA65A87088480
2018-06,A0A838B0B4800,AC6A0A0CB7648
2018-06,A0A89653B7968,AC6A65697AC60
2018-06,99674A578848,ACC58656C9008
2018-06,A0AB787937376,AC5B80B8B8C84
2018-06,A003B3B0349AB,AC4A478A748A6
2018-06,A0399407A459B,A405BA9799AC6
2018-06,A00B9A57B5408,AA65C094AA4B4
2018-06,A0070B578B880,AA65A87088480
2018-06,A0A8AA56B0960,AC6070A784A60
2018-06,A0B4776306784,AA65B8C4B6400
2018-06,A0B343BA30656,ACB8A80C96AB8
2018-06,A0398486365AB,AB66996969568
2018-06,A0B9A87338336,AC7849048B784
2018-06,9.97E+11,AB657C80BC008
2018-06,A04AAB865B896,ABB58AB6C9840
2018-06,A0067703B355B,AC40958769B48
2018-06,A03085490A856,AC6A66ACB9504
2018-06,A0B3005B94688,AC6680CA5B99B
2018-06,A0354388A7376,AA65A8BA7CB80
2018-06,A0B475504035B,AC69C7049C0B4
2018-06,993055A46080,ACCC0676450B4
2018-06,A0ABB3A536736,AC5B0C0B900A6
2018-06,A0B6437480544,AC8604A868C84
2018-06,A0B4068943968,AA65A984B6B08
2018-06,A0B9074747488,AC9AC0B90A856
2018-06,A0B0680536A60,AA65B6BA59968
2018-06,A035B6BA97856,A400A875A907B
2018-06,A0B494A457504,AC6954865B640
2018-06,A0A587949987B,AA65B079B89B8
2018-06,A0B44B064B9AB,AC689898B7A68
2018-06,A0A3335097440,AC5C5C5AB7648
2018-06,A03BA8305443B,AC959B0994400
2018-06,A03357094307B,AB07909A87680
2018-06,A009998A3539B,AC49C5B5BA8B4
2018-06,A0B6436B35360,AC8740A4AB704
2018-06,99B8398B755B,ACCB9BB876000
2018-06,A0B450338BAAB,AC690B4004A9B
2018-06,A0BB6363B7008,AA65B7497BB56
2018-06,A0B06B768A376,AA65A6B7746B4
2018-06,A0A33A589539B,AC5C508AB68A6
2018-06,9965499A88A6,ACC565A500AB8
2018-06,A0A0A9B0B3648,AC496ABA099B0
2018-06,A03953B654688,A40474489B5AB
2018-06,A0305804043B0,AC9C06074ABA6
2018-06,A030833537AB0,AC9B788078688
2018-06,A0308743988A6,AA65A87088480
2018-06,A0384A80A8400,AA65C0B497C76
2018-06,A04090088B5B8,AA65AB0B745B8
2018-06,A03A94AAB8B88,AC956A57B77AB
2018-06,A000486699A04,ACC905A409504
2018-05,9863B800675B,ACBC64CCC8848
2018-05,9897584B3A36,ACB8A80C96AB8
2018-05,974B53A6B59B,AC08686B86944
2018-05,9855B8893536,AA65C0967C568
2018-05,948685B4B464,AA65B66B55968
2018-05,96B735407B00,AA65ABC9AA776
2018-05,9607A358883B,AB9CB69A06784
2018-05,9.60E+11,AB07906566B40
2018-05,98364ABB7360,ABB7A8BB4C9C6
2018-05,9506B06A8848,AB7A540C5A07B
2018-05,98640A34A536,ACBC7599B7C9B
2018-05,98BA7A5A70B4,AA65BA8709600
2018-05,9.60E+11,AB9A85569A87B
2018-05,957B96B79648,AA65BA58B60A6
2018-05,984B9937B640,ACBAC86B46B40
2018-05,95B450449504,ABA75BCCA8880
2018-05,9789AB54B8A6,ACA408858CB64
2018-05,9.63E+11,AB960769CAA68
2018-05,96A39B738400,AB94A67AAC8B4
2018-05,986B4330A47B,AB0790594C648
2018-05,9848583947B0,ACA8B76C664CB
2018-05,95049587A07B,AB7A9BA049696
2018-05,95366673BAB8,AA65B6BA59968
2018-05,948BB64B49B8,AB698B9CC7A84
2018-05,96B74B6489B8,AB95706980448
2018-05,9800A0A7B5AB,ACA5B5BC7A55B
2018-05,9654AB68387B,AB989B77799C6
2018-05,96BAA66A6B88,AB94470A5BB88
2018-05,9646BA697AB0,AA65B84409440
2018-05,98AA6B7869AB,ACA649558947B
2018-05,96563439BA60,AB97A7ACA68CB
2018-05,9544B8850B7B,AA65B87B60B56
2018-05,959A68A5A648,AB855C50C9584
2018-05,9.75E+11,AB987844A99C6
2018-05,9.80E+11,ACA558C787A04
2018-05,9835375A6640,ACB04ABAA9AC6
2018-05,953059AA5A04,AB7B77508B080
2018-05,95B998789BA6,AB7B8A7975C9B
2018-05,98486688A63B,ACBBAA65794B4
2018-05,988A8536B5B8,ACB574845C47B
2018-05,94477474BAAB,AB65A0C7CB8CB
2018-05,984838A44096,ACBB068AA555B
2018-05,970A90389344,AC04496C7C856
2018-05,986A8B6A5A36,ACBCC57C7B5AB
2018-05,96A3BB35B736,AB0790568A504
2018-05,98B054699A04,ACA80689ABBB4
2018-05,97698879907B,AB085BA8A8B08
2018-05,986A6659A584,AA65BB45095C6
2018-05,953050B0BB08,AA95A0A749C44
2018-05,96B7678475B0,AB9570C96579B
2018-05,98776557A680,ACBA8A8A940A6
2018-05,980078A66AAB,AB07906599008
2018-05,975BA7754B08,AA65C05BA7AB0
2018-05,98BA4074787B,ACA8A8C9B7904
2018-05,98075A8434B4,AA65BC50B8064
2018-05,96344539A456,AB9C67B74C008
2018-05,98A48994B6B4,ACA45C40CA456
2018-05,97398833A6A6,AC08C6A457760
2018-05,9846959965AB,ACBA900C76A60
2018-05,9634786A8B08,AB95784607840
2018-05,9.50E+11,AB7A77BC8AB80
2018-05,9.50E+11,AB7A086547040
2018-05,95B67B5A8B40,AB7C9C0645600
2018-05,94706A03A008,AB67C5758A408
2018-05,95A35B36A056,ABA7458798688
2018-05,953785A55680,AB750C9ABA504
2018-05,9745B5857888,AC09047488608
2018-05,953584AB4000,AB7484B775648
2018-05,95849A459680,AB89468BA5C9B
2018-05,968934B6083B,AB750C9ABA504
2018-05,9854A0437BA6,AA65B805A0048
2018-05,963385688A60,AA65B976A4944
2018-05,9687BB546784,AA9477C8C9968
2018-05,963455B546B4,AB9655AAA6896
2018-05,98A067464800,AA65B87B60B56
2018-05,9.50E+11,AB7080B0BB496
2018-05,98355AB4643B,AC08C6A457760
2018-05,98576469B064,ABA5090655CB8
2018-05,96445634979B,AB977946B97B8
2018-05,9605560075B0,AB9C489C07744
2018-05,9643790A73AB,AA65A6B709088
2018-05,9547370333AB,AB67BA4844000
2018-05,9869A8846560,ACB4B477AA840
2018-05,9467A808AAB0,AB67BA4844000
2018-05,99AA349085AB,ACC047648B656
2018-05,97A70440B0A6,AA65A44B60704
2018-05,96A94BA59456,AB948047AC568
2018-05,96893498A7B8,AC0C079845984
2018-05,9786B67403B0,ACABCB86795B0
2018-05,9.76E+11,AA94587BB6B08
2018-05,9.50E+11,AB7AB96CB7776
2018-05,9.80E+11,AA65B976A4944
2018-05,95045AB4A056,AB7A87868067B
2018-05,9480957789AB,AB697A8B864CB
2018-05,97B6406A6544,AC06875A0AB80
2018-05,9638577AAB00,AB78440046688
2018-05,96347B03A840,AB9C67B74C008
2018-05,98B656778336,AA946558096CB
2018-05,9647657780A6,AA65B976A4944
2018-05,975AA5AB483B,AA65B4C449440
2018-05,984B76B05664,ACBACCA097696
2018-05,986409A403B0,AA65C0B497C76
2018-05,9853B3765856,ACBB60AC49BA6
2018-05,95464A7AAB00,AB7C87BB8579B
2018-05,96A544454B40,AB9A0B98C9968
2018-05,9.55E+11,AB67BA4844000
2018-05,976747397BA6,AA65BC4864BB4
2018-05,98994A563488,AB079059764A6
2018-05,98337BA03776,ACA999580A696
2018-05,96A5583A5A04,AA65B976A4944
2018-05,9687580345B8,AC0B9669B7456
2018-05,98A746647A36,AA65B984C4A44
2018-05,9760B7844704,AA65BC06699B0
2018-05,986444464BB4,AA65C076747B0
2018-05,960337969B48,ABAB8C4CA6C84
2018-05,96A7A86A6A60,AB94607876A9B
2018-05,9509BB3A38B4,AB7BC08AC8080
2018-05,949866B0AA84,AB7AC757B4640
2018-05,9864079B7904,ACBC765AC7504
2018-05,9803B5B69600,ACA556A96C6A6
2018-05,970A060445AB,AC0440B985056
2018-05,984566530A44,ACBA7A6580448
2018-05,9559439AA5B0,AA65BBA00CC60
2018-05,9444748A6608,AA65B445C0784
2018-05,98404460A440,AA65B9BB4099B
2018-05,9847445B59B0,AA948A9059808
2018-05,98A90678435B,ACA7676BB05AB
2018-05,973937AA5B3B,AA65B45907040
2018-05,9863690978B4,ACBC7A6A8BAAB
2018-05,9688505058B4,AB976BC744608
2018-05,983B0B33B768,ACA9699447904
2018-05,95455A40B59B,AB74AA66695C6
2018-05,9.63E+11,AA65B976A4944
2018-05,9540B809763B,AA65BC6568A60
2018-05,970435887B00,AB079069B6688
2018-05,95334B4B7B3B,AA94875945056
2018-05,956A953076A6,ABCA976C66A76
2018-05,97944869B83B,AB607C66759C6
2018-05,9488374498B4,AA94587BB6B08
2018-05,97587A0498B4,AA65A98A968CB
2018-05,96A0787BB656,AB9C67B74C008
2018-05,95A0604637AB,AA65BBC8BA408
2018-05,97A594A70464,AC05908C79744
2018-05,983A95353A84,ACA909979C504
2018-05,9846947A8560,AA65C0B7B675B
2018-05,9639AB040544,AA65B70450B7B
2018-05,98B63767459B,AA65BB4AA6CB0
2018-05,98B55798B8A6,AA65B66485C44
2018-05,95AAB06B5760,AB7B50B976608
2018-05,980430B58B7B,ACA576C945568
2018-05,9495B5905504,AA65B856BA856
2018-05,96A5A77A555B,ABA454B446688
2018-05,95B83BA63936,AB699490C8688
2018-05,97543B58ABA6,AB66996969568
2018-05,9.80E+11,AA65B87B60B56
2018-05,99A3BB865760,ACC0846AC8464
2018-05,95B5097B68A6,AA65BBA78979B
2018-05,96338AB97B48,AA65B976A4944
2018-05,94609A5B4A9B,AA65BA8C8A9B0
2018-05,96435AA3A744,AA65B97680480
2018-05,980085768B88,AB07906599008
2018-05,963AAB960096,AA65B66944096
2018-05,9.76E+11,AC08C6A457760
2018-05,958B8A38403B,AB856976C4400
2018-05,975955A65B80,AC09976A99B64
2018-05,9.86E+11,ACBCC796875B0
2018-05,96A564B78880,AA65B976A4944
2018-05,96A56A985AB0,AA65B976A4944
2018-05,956AB4B338B4,AB78C9BAC987B
2018-05,985A7B705376,ACBB45A796064
2018-05,9.56E+11,AB78A89C7A488
2018-05,9639359B84A6,AA65A90955A04
2018-05,95A56640A63B,AB7B977C58944
2018-05,95870343587B,AA65A0C8905B8
2018-05,95B56A04A504,AA65CA0BC06B4
2018-05,9849AAA5AB00,ACBBA74B5AA04
2018-05,94979004835B,AB7AC0A47BC5B
2018-05,96A9A6633A84,AB7BC08AC8080
2018-05,955A3A9860A6,ABB00A7B9AC60
2018-05,97A877056608,AC06BB970B75B
2018-05,98A760573536,ACA75B0998496
2018-05,98477B34595B,ACBA779A0A79B
2018-05,95809A788384,AA65B5BB640CB
2018-05,958AA4496608,AB85A784B5440
2018-05,9447067485AB,AA65BB4869984
2018-05,98BBB56A699B,AA65B66AB4896
2018-05,986356BB0000,AA65BC96A5584
2018-05,98457770403B,AB78440046688
2018-05,98B64439B03B,ABBAAAB5945B8
2018-05,98047A38BAAB,ACA5845898CC6
2018-05,97369AB89696,AC07BC4500704
2018-05,9657B74B05AB,AB99CB40A059B
2018-05,96A4B85BA056,AB7BA49049440
2018-05,94639B563808,AB66996969568
2018-05,965040898A44,AA65B90078C04
2018-05,9594B74AB064,AA65CB7794B7B
2018-05,9863B0076896,AB07909A87680
2018-04,90469407A39B,ABA7458798688
2018-04,93396A564B56,AB4B0C60AAA04
2018-04,898939B569B8,ABA07C985AC60
2018-04,9B850546B880,AB4A89BB90656
2018-04,9A5046498400,AA65B87B60B56
2018-04,9B38A00706B4,AA65A5B6A6544
2018-04,9B49683BAAB0,AA65B5CC78A44
2018-04,906B58A53568,ABA9B97CAB864
2018-04,938489774A76,AB5976CCC5B64
2018-04,9A83966004A6,ABCA976C66A76
2018-04,9.07E+11,ABB0C95958C68
2018-04,905786884A9B,ABA5090655CB8
2018-04,9BB6AB793440,ABC646948A568
2018-04,903B399B5856,ABA5A70576480
2018-04,9B844B777696,AB4C0B60C0688
2018-04,9A77A8630496,ABCABBA588064
2018-04,9A667AB669AB,ABB967569BAB8
2018-04,904064A7BAB8,ABA64C7BBC5B0
2018-04,9A4587058B7B,ABBCBC858BC68
2018-04,93756873AB3B,AB587A076A568
2018-04,9B5060530B7B,ABC9B48044AB8
2018-04,9A76A58045AB,ABCAA4078BA76
2018-04,9B96A8657376,AB444CAB86C68
2018-04,9075637B899B,ABB07A90A8080
2018-04,9.34E+11,AB4B0C60AAA04
2018-04,908BBB988384,ABBAAAB5945B8
2018-04,8990B39B9440,AA65B895540A6
2018-04,90644060579B,AA65B848C54B4
2018-04,9394683B4960,AB607C66759C6
2018-04,9B356A00A056,ABC7444788CB0
2018-04,94BA483869AB,AB6C97A99A648
2018-04,9B6893998A76,ABC66004BB496
2018-04,90747A3B3B3B,ABB057B676A9B
2018-04,9A5369787488,ABB4096BA9BCB
2018-04,90069B803680,ABABC44C69B48
2018-04,9B4874AA3AB0,ABC888C99A648
2018-04,9A5B7538B880,AB0790450A856
2018-04,9B65A46A0B7B,AB4070AA4A088
2018-04,90AA85896544,ABAB8C4CA6C84
2018-04,90473A9A843B,ABA75BCCA8880
2018-04,9B33864A3A5B,ABC7A9470B944
2018-04,9A755747747B,ABCA094906976
2018-04,9006988985B8,ABABC848C77B8
2018-04,9B0843B8867B,AA65B5AAA7A5B
2018-04,930335A6B464,AB4A6B7ACB000
2018-04,9.05E+11,ABA76C77447C6
2018-04,9354A869A680,AA65B746AA808
2018-04,939A4B6AA040,AA65A87776608
2018-04,9066A4BA0656,ABACC56867680
2018-04,9A435B537696,AA65B900AB768
2018-04,9B753A630688,AB4B0C60AAA04
2018-04,90A77A8BAA5B,ABAC56C4C7A5B
2018-04,904AA50B8064,ABA667967C95B
2018-04,907A5B98BAAB,AA65B8CACA488
2018-04,900804739A68,AB07905845C44
2018-04,90BA33448800,ABAC9649A0688
2018-04,9A8BB5059936,ABCA76B784C5B
2018-04,9A649B68A3AB,ABB87977C9A04
2018-04,9B77980345B8,AB4A6B7ACB000
2018-04,9B4687A389AB,ABC87AC89B960
2018-04,93AA7B679776,AB085BA654C68
2018-04,9A65A56A89AB,ABB90A4990944
2018-04,904494678AAB,ABA7087B4BCC6
2018-04,93068B3394B4,ABC4906579040
2018-04,938095706B08,AB079055504CB
2018-04,8988B3880800,ABA0574569568
2018-04,90A8458AAB96,AA65A878749AB
2018-04,9306A09707B0,AA65CBC5C44CB
2018-04,9A67A560B0A6,AA65B45907040
2018-04,9397A3B3B99B,ABBCA500A0464
2018-04,940B97453664,AB6A657CB5664
2018-04,90304BA38B08,ABA49B9404000
2018-04,9B674546083B,AB4A008A77B48
2018-04,90033576355B,ABAA85966499B
2018-04,9B73AA659A04,AB4A780486B40
2018-04,933ABA3B7B00,AA65A98884960
2018-04,904450B44704,ABA7058766944
2018-04,9A84440A57AB,ABCB0ACB6B944
2018-04,9B5B07B3B608,ABC87C90B60A6
2018-04,9066BB074976,AA65CA7570656
2018-04,9B63657AB480,AA65CA9AA075B
2018-04,9340B4B8BB08,AB544560989AB
2018-04,9070A683A07B,ABB00A7B9AC60
2018-04,90670307747B,AA65B6BA59968
2018-04,9A0B53064B88,ABBA76094BA76
2018-04,90B6670A0A44,ABA454B446688
2018-04,9A54A8A858B4,ABB4A7AA9B4A6
2018-04,9383BB034784,AB595575A9456
2018-04,9A976B9B77AB,ABCC6A8C70656
2018-04,9A8A50BA78B4,ABA48885095C6
2018-04,9339633337B8,AB4B0C60AAA04
2018-04,9A040553379B,ABBA94880AAB0
2018-04,9A9B85858400,AA65B8C4B6400
2018-04,9396976354B4,AB6A0408B85AB
2018-04,90355489A87B,AA65ABC9AA776
2018-04,9A76B3930976,ABB64797C0784
2018-04,9A677B78BA76,ABC0B599AB800
